[INFO] Scanning for projects...
[INFO] Downloading from central: https://repo.maven.apache.org/maven2/org/testcontainers/testcontainers-bom/1.20.6/testcontainers-bom-1.20.6.pom
[INFO] Downloaded from central: https://repo.maven.apache.org/maven2/org/testcontainers/testcontainers-bom/1.20.6/testcontainers-bom-1.20.6.pom (12 kB at 30 kB/s)
[INFO] 
[INFO] ------------------< com.thinking:ticket-reservation >-------------------
[INFO] Building ticket-reservation 1.0.0
[INFO]   from pom.xml
[INFO] --------------------------------[ jar ]---------------------------------
[INFO] Downloading from central: https://repo.maven.apache.org/maven2/org/testcontainers/mysql/1.20.6/mysql-1.20.6.pom
[INFO] Downloaded from central: https://repo.maven.apache.org/maven2/org/testcontainers/mysql/1.20.6/mysql-1.20.6.pom (1.5 kB at 63 kB/s)
[INFO] Downloading from central: https://repo.maven.apache.org/maven2/org/testcontainers/jdbc/1.20.6/jdbc-1.20.6.pom
[INFO] Downloaded from central: https://repo.maven.apache.org/maven2/org/testcontainers/jdbc/1.20.6/jdbc-1.20.6.pom (1.5 kB at 60 kB/s)
[INFO] Downloading from central: https://repo.maven.apache.org/maven2/org/testcontainers/database-commons/1.20.6/database-commons-1.20.6.pom
[INFO] Downloaded from central: https://repo.maven.apache.org/maven2/org/testcontainers/database-commons/1.20.6/database-commons-1.20.6.pom (1.5 kB at 61 kB/s)
[INFO] Downloading from central: https://repo.maven.apache.org/maven2/org/testcontainers/testcontainers/1.20.6/testcontainers-1.20.6.pom
[INFO] Downloaded from central: https://repo.maven.apache.org/maven2/org/testcontainers/testcontainers/1.20.6/testcontainers-1.20.6.pom (2.6 kB at 93 kB/s)
[INFO] Downloading from central: https://repo.maven.apache.org/maven2/com/github/docker-java/docker-java-api/3.4.1/docker-java-api-3.4.1.pom
[INFO] Downloaded from central: https://repo.maven.apache.org/maven2/com/github/docker-java/docker-java-api/3.4.1/docker-java-api-3.4.1.pom (2.4 kB at 93 kB/s)
[INFO] Downloading from central: https://repo.maven.apache.org/maven2/com/github/docker-java/docker-java-parent/3.4.1/docker-java-parent-3.4.1.pom
[INFO] Downloaded from central: https://repo.maven.apache.org/maven2/com/github/docker-java/docker-java-parent/3.4.1/docker-java-parent-3.4.1.pom (12 kB at 420 kB/s)
[INFO] Downloading from central: https://repo.maven.apache.org/maven2/com/github/docker-java/docker-java-transport-zerodep/3.4.1/docker-java-transport-zerodep-3.4.1.pom
[INFO] Downloaded from central: https://repo.maven.apache.org/maven2/com/github/docker-java/docker-java-transport-zerodep/3.4.1/docker-java-transport-zerodep-3.4.1.pom (4.1 kB at 141 kB/s)
[INFO] Downloading from central: https://repo.maven.apache.org/maven2/com/github/docker-java/docker-java-transport/3.4.1/docker-java-transport-3.4.1.pom
[INFO] Downloaded from central: https://repo.maven.apache.org/maven2/com/github/docker-java/docker-java-transport/3.4.1/docker-java-transport-3.4.1.pom (1.6 kB at 61 kB/s)
[INFO] Downloading from central: https://repo.maven.apache.org/maven2/org/testcontainers/mysql/1.20.6/mysql-1.20.6.jar
[INFO] Downloaded from central: https://repo.maven.apache.org/maven2/org/testcontainers/mysql/1.20.6/mysql-1.20.6.jar (9.0 kB at 348 kB/s)
[INFO] Downloading from central: https://repo.maven.apache.org/maven2/org/testcontainers/jdbc/1.20.6/jdbc-1.20.6.jar
[INFO] Downloading from central: https://repo.maven.apache.org/maven2/org/testcontainers/database-commons/1.20.6/database-commons-1.20.6.jar
[INFO] Downloading from central: https://repo.maven.apache.org/maven2/org/testcontainers/testcontainers/1.20.6/testcontainers-1.20.6.jar
[INFO] Downloading from central: https://repo.maven.apache.org/maven2/com/github/docker-java/docker-java-api/3.4.1/docker-java-api-3.4.1.jar
[INFO] Downloading from central: https://repo.maven.apache.org/maven2/com/github/docker-java/docker-java-transport-zerodep/3.4.1/docker-java-transport-zerodep-3.4.1.jar
[INFO] Downloaded from central: https://repo.maven.apache.org/maven2/org/testcontainers/jdbc/1.20.6/jdbc-1.20.6.jar (30 kB at 606 kB/s)
[INFO] Downloading from central: https://repo.maven.apache.org/maven2/com/github/docker-java/docker-java-transport/3.4.1/docker-java-transport-3.4.1.jar
[INFO] Downloaded from central: https://repo.maven.apache.org/maven2/com/github/docker-java/docker-java-transport/3.4.1/docker-java-transport-3.4.1.jar (39 kB at 307 kB/s)
[INFO] Downloaded from central: https://repo.maven.apache.org/maven2/org/testcontainers/database-commons/1.20.6/database-commons-1.20.6.jar (15 kB at 42 kB/s)
[INFO] Downloaded from central: https://repo.maven.apache.org/maven2/com/github/docker-java/docker-java-api/3.4.1/docker-java-api-3.4.1.jar (486 kB at 1.1 MB/s)
[INFO] Downloaded from central: https://repo.maven.apache.org/maven2/com/github/docker-java/docker-java-transport-zerodep/3.4.1/docker-java-transport-zerodep-3.4.1.jar (2.3 MB at 2.5 MB/s)
[INFO] Downloaded from central: https://repo.maven.apache.org/maven2/org/testcontainers/testcontainers/1.20.6/testcontainers-1.20.6.jar (18 MB at 6.5 MB/s)
[INFO] 
[INFO] --- resources:3.3.1:resources (default-resources) @ ticket-reservation ---
[INFO] Copying 1 resource from src/main/resources to target/classes
[INFO] Copying 0 resource from src/main/resources to target/classes
[INFO] 
[INFO] --- compiler:3.13.0:compile (default-compile) @ ticket-reservation ---
[INFO] Nothing to compile - all classes are up to date.
[INFO] 
[INFO] --- resources:3.3.1:testResources (default-testResources) @ ticket-reservation ---
[INFO] Copying 2 resources from src/test/resources to target/test-classes
[INFO] 
[INFO] --- compiler:3.13.0:testCompile (default-testCompile) @ ticket-reservation ---
[INFO] Nothing to compile - all classes are up to date.
[INFO] 
[INFO] --- surefire:3.2.5:test (default-test) @ ticket-reservation ---
[INFO] Using auto detected provider org.apache.maven.surefire.junitplatform.JUnitPlatformProvider
[INFO] 
[INFO] -------------------------------------------------------
[INFO]  T E S T S
[INFO] -------------------------------------------------------
[INFO] Running com.thinking.ticket.jpa.JpaCucumberAcceptanceTest
07:44:04.517 [main] INFO org.springframework.test.context.support.AnnotationConfigContextLoaderUtils -- Could not detect default configuration classes for test class [com.thinking.ticket.jpa.CucumberSpringConfiguration]: CucumberSpringConfiguration does not declare any static, non-private, non-final, nested classes annotated with @Configuration.
07:44:05.516 [main] INFO org.springframework.boot.test.context.SpringBootTestContextBootstrapper -- Found @SpringBootConfiguration com.thinking.ticket.TicketReservationApplication for test class com.thinking.ticket.jpa.CucumberSpringConfiguration

  .   ____          _            __ _ _
 /\\ / ___'_ __ _ _(_)_ __  __ _ \ \ \ \
( ( )\___ | '_ | '_| | '_ \/ _` | \ \ \ \
 \\/  ___)| |_)| | | | | || (_| |  ) ) ) )
  '  |____| .__|_| |_|_| |_\__, | / / / /
 =========|_|==============|___/=/_/_/_/

 :: Spring Boot ::                (v3.3.4)

2026-07-30T07:44:08.777Z  INFO 94 --- [ticket-reservation] [           main] org.testcontainers.images.PullPolicy     : Image pull policy will be performed by: DefaultPullPolicy()
2026-07-30T07:44:08.804Z  INFO 94 --- [ticket-reservation] [           main] o.t.utility.ImageNameSubstitutor         : Image name substitution will be performed by: DefaultImageNameSubstitutor (composite of 'ConfigurationFileImageNameSubstitutor' and 'PrefixingImageNameSubstitutor')
2026-07-30T07:44:08.846Z  INFO 94 --- [ticket-reservation] [           main] org.testcontainers.DockerClientFactory   : Testcontainers version: 1.20.6
2026-07-30T07:44:11.926Z  INFO 94 --- [ticket-reservation] [           main] .t.d.DockerMachineClientProviderStrategy : docker-machine executable was not found on PATH ([/opt/java/openjdk/bin, /usr/local/sbin, /usr/local/bin, /usr/sbin, /usr/bin, /sbin, /bin])
2026-07-30T07:44:11.927Z ERROR 94 --- [ticket-reservation] [           main] o.t.d.DockerClientProviderStrategy       : Could not find a valid Docker environment. Please check configuration. Attempted configurations were:
	UnixSocketClientProviderStrategy: failed with exception BadRequestException (Status 400: {"ID":"","Containers":0,"ContainersRunning":0,"ContainersPaused":0,"ContainersStopped":0,"Images":0,"Driver":"","DriverStatus":null,"Plugins":{"Volume":null,"Network":null,"Authorization":null,"Log":null},"MemoryLimit":false,"SwapLimit":false,"CpuCfsPeriod":false,"CpuCfsQuota":false,"CPUShares":false,"CPUSet":false,"PidsLimit":false,"IPv4Forwarding":false,"Debug":false,"NFd":0,"OomKillDisable":false,"NGoroutines":0,"SystemTime":"","LoggingDriver":"","CgroupDriver":"","NEventsListener":0,"KernelVersion":"","OperatingSystem":"","OSVersion":"","OSType":"","Architecture":"","IndexServerAddress":"","RegistryConfig":null,"NCPU":0,"MemTotal":0,"GenericResources":null,"DockerRootDir":"","HttpProxy":"","HttpsProxy":"","NoProxy":"","Name":"","Labels":["com.docker.desktop.address=npipe://\\\\.\\pipe\\docker_cli"],"ExperimentalBuild":false,"ServerVersion":"","Runtimes":null,"DefaultRuntime":"","Swarm":{"NodeID":"","NodeAddr":"","LocalNodeState":"","ControlAvailable":false,"Error":"","RemoteManagers":null},"LiveRestoreEnabled":false,"Isolation":"","InitBinary":"","ContainerdCommit":{"ID":""},"RuncCommit":{"ID":""},"InitCommit":{"ID":""},"SecurityOptions":null,"CDISpecDirs":null,"Warnings":null})
	DockerDesktopClientProviderStrategy: failed with exception NullPointerException (Cannot invoke "java.nio.file.Path.toString()" because the return value of "org.testcontainers.dockerclient.DockerDesktopClientProviderStrategy.getSocketPath()" is null)As no valid configuration was found, execution cannot continue.
See https://java.testcontainers.org/on_failure.html for more details.
2026-07-30T07:44:12.069Z ERROR 94 --- [ticket-reservation] [           main] o.s.boot.SpringApplication               : Application run failed

java.lang.ExceptionInInitializerError: null
	at java.base/jdk.internal.reflect.NativeMethodAccessorImpl.invoke0(Native Method) ~[na:na]
	at java.base/jdk.internal.reflect.NativeMethodAccessorImpl.invoke(NativeMethodAccessorImpl.java:77) ~[na:na]
	at java.base/jdk.internal.reflect.DelegatingMethodAccessorImpl.invoke(DelegatingMethodAccessorImpl.java:43) ~[na:na]
	at java.base/java.lang.reflect.Method.invoke(Method.java:569) ~[na:na]
	at org.springframework.util.ReflectionUtils.invokeMethod(ReflectionUtils.java:281) ~[spring-core-6.1.13.jar:6.1.13]
	at org.springframework.test.context.support.DynamicPropertiesContextCustomizer.lambda$buildDynamicPropertiesMap$3(DynamicPropertiesContextCustomizer.java:82) ~[spring-test-6.1.13.jar:6.1.13]
	at java.base/java.lang.Iterable.forEach(Iterable.java:75) ~[na:na]
	at org.springframework.test.context.support.DynamicPropertiesContextCustomizer.buildDynamicPropertiesMap(DynamicPropertiesContextCustomizer.java:80) ~[spring-test-6.1.13.jar:6.1.13]
	at org.springframework.test.context.support.DynamicPropertiesContextCustomizer.customizeContext(DynamicPropertiesContextCustomizer.java:70) ~[spring-test-6.1.13.jar:6.1.13]
	at org.springframework.boot.test.context.SpringBootContextLoader$ContextCustomizerAdapter.initialize(SpringBootContextLoader.java:443) ~[spring-boot-test-3.3.4.jar:3.3.4]
	at org.springframework.boot.SpringApplication.applyInitializers(SpringApplication.java:627) ~[spring-boot-3.3.4.jar:3.3.4]
	at org.springframework.boot.SpringApplication.prepareContext(SpringApplication.java:401) ~[spring-boot-3.3.4.jar:3.3.4]
	at org.springframework.boot.SpringApplication.run(SpringApplication.java:334) ~[spring-boot-3.3.4.jar:3.3.4]
	at org.springframework.boot.test.context.SpringBootContextLoader.lambda$loadContext$3(SpringBootContextLoader.java:137) ~[spring-boot-test-3.3.4.jar:3.3.4]
	at org.springframework.util.function.ThrowingSupplier.get(ThrowingSupplier.java:58) ~[spring-core-6.1.13.jar:6.1.13]
	at org.springframework.util.function.ThrowingSupplier.get(ThrowingSupplier.java:46) ~[spring-core-6.1.13.jar:6.1.13]
	at org.springframework.boot.SpringApplication.withHook(SpringApplication.java:1463) ~[spring-boot-3.3.4.jar:3.3.4]
	at org.springframework.boot.test.context.SpringBootContextLoader$ContextLoaderHook.run(SpringBootContextLoader.java:553) ~[spring-boot-test-3.3.4.jar:3.3.4]
	at org.springframework.boot.test.context.SpringBootContextLoader.loadContext(SpringBootContextLoader.java:137) ~[spring-boot-test-3.3.4.jar:3.3.4]
	at org.springframework.boot.test.context.SpringBootContextLoader.loadContext(SpringBootContextLoader.java:108) ~[spring-boot-test-3.3.4.jar:3.3.4]
	at org.springframework.test.context.cache.DefaultCacheAwareContextLoaderDelegate.loadContextInternal(DefaultCacheAwareContextLoaderDelegate.java:225) ~[spring-test-6.1.13.jar:6.1.13]
	at org.springframework.test.context.cache.DefaultCacheAwareContextLoaderDelegate.loadContext(DefaultCacheAwareContextLoaderDelegate.java:152) ~[spring-test-6.1.13.jar:6.1.13]
	at org.springframework.test.context.support.DefaultTestContext.getApplicationContext(DefaultTestContext.java:130) ~[spring-test-6.1.13.jar:6.1.13]
	at io.cucumber.spring.TestContextAdaptor.create(TestContextAdaptor.java:42) ~[cucumber-spring-7.18.1.jar:7.18.1]
	at io.cucumber.spring.SpringFactory.start(SpringFactory.java:121) ~[cucumber-spring-7.18.1.jar:7.18.1]
	at io.cucumber.core.runner.Runner.buildBackendWorlds(Runner.java:134) ~[cucumber-core-7.18.1.jar:7.18.1]
	at io.cucumber.core.runner.Runner.runPickle(Runner.java:70) ~[cucumber-core-7.18.1.jar:7.18.1]
	at io.cucumber.junit.platform.engine.CucumberEngineExecutionContext.lambda$runTestCase$4(CucumberEngineExecutionContext.java:112) ~[cucumber-junit-platform-engine-7.18.1.jar:na]
	at io.cucumber.core.runtime.CucumberExecutionContext.lambda$runTestCase$5(CucumberExecutionContext.java:136) ~[cucumber-core-7.18.1.jar:7.18.1]
	at io.cucumber.core.runtime.RethrowingThrowableCollector.executeAndThrow(RethrowingThrowableCollector.java:23) ~[cucumber-core-7.18.1.jar:7.18.1]
	at io.cucumber.core.runtime.CucumberExecutionContext.runTestCase(CucumberExecutionContext.java:136) ~[cucumber-core-7.18.1.jar:7.18.1]
	at io.cucumber.junit.platform.engine.CucumberEngineExecutionContext.runTestCase(CucumberEngineExecutionContext.java:109) ~[cucumber-junit-platform-engine-7.18.1.jar:na]
	at io.cucumber.junit.platform.engine.NodeDescriptor$PickleDescriptor.execute(NodeDescriptor.java:168) ~[cucumber-junit-platform-engine-7.18.1.jar:na]
	at io.cucumber.junit.platform.engine.NodeDescriptor$PickleDescriptor.execute(NodeDescriptor.java:90) ~[cucumber-junit-platform-engine-7.18.1.jar:na]
	at org.junit.platform.engine.support.hierarchical.NodeTestTask.lambda$executeRecursively$6(NodeTestTask.java:151) ~[junit-platform-engine-1.10.3.jar:1.10.3]
	at org.junit.platform.engine.support.hierarchical.ThrowableCollector.execute(ThrowableCollector.java:73) ~[junit-platform-engine-1.10.3.jar:1.10.3]
	at org.junit.platform.engine.support.hierarchical.NodeTestTask.lambda$executeRecursively$8(NodeTestTask.java:141) ~[junit-platform-engine-1.10.3.jar:1.10.3]
	at org.junit.platform.engine.support.hierarchical.Node.around(Node.java:137) ~[junit-platform-engine-1.10.3.jar:1.10.3]
	at org.junit.platform.engine.support.hierarchical.NodeTestTask.lambda$executeRecursively$9(NodeTestTask.java:139) ~[junit-platform-engine-1.10.3.jar:1.10.3]
	at org.junit.platform.engine.support.hierarchical.ThrowableCollector.execute(ThrowableCollector.java:73) ~[junit-platform-engine-1.10.3.jar:1.10.3]
	at org.junit.platform.engine.support.hierarchical.NodeTestTask.executeRecursively(NodeTestTask.java:138) ~[junit-platform-engine-1.10.3.jar:1.10.3]
	at org.junit.platform.engine.support.hierarchical.NodeTestTask.execute(NodeTestTask.java:95) ~[junit-platform-engine-1.10.3.jar:1.10.3]
	at java.base/java.util.ArrayList.forEach(ArrayList.java:1511) ~[na:na]
	at org.junit.platform.engine.support.hierarchical.SameThreadHierarchicalTestExecutorService.invokeAll(SameThreadHierarchicalTestExecutorService.java:41) ~[junit-platform-engine-1.10.3.jar:1.10.3]
	at org.junit.platform.engine.support.hierarchical.NodeTestTask.lambda$executeRecursively$6(NodeTestTask.java:155) ~[junit-platform-engine-1.10.3.jar:1.10.3]
	at org.junit.platform.engine.support.hierarchical.ThrowableCollector.execute(ThrowableCollector.java:73) ~[junit-platform-engine-1.10.3.jar:1.10.3]
	at org.junit.platform.engine.support.hierarchical.NodeTestTask.lambda$executeRecursively$8(NodeTestTask.java:141) ~[junit-platform-engine-1.10.3.jar:1.10.3]
	at org.junit.platform.engine.support.hierarchical.Node.around(Node.java:137) ~[junit-platform-engine-1.10.3.jar:1.10.3]
	at org.junit.platform.engine.support.hierarchical.NodeTestTask.lambda$executeRecursively$9(NodeTestTask.java:139) ~[junit-platform-engine-1.10.3.jar:1.10.3]
	at org.junit.platform.engine.support.hierarchical.ThrowableCollector.execute(ThrowableCollector.java:73) ~[junit-platform-engine-1.10.3.jar:1.10.3]
	at org.junit.platform.engine.support.hierarchical.NodeTestTask.executeRecursively(NodeTestTask.java:138) ~[junit-platform-engine-1.10.3.jar:1.10.3]
	at org.junit.platform.engine.support.hierarchical.NodeTestTask.execute(NodeTestTask.java:95) ~[junit-platform-engine-1.10.3.jar:1.10.3]
	at java.base/java.util.ArrayList.forEach(ArrayList.java:1511) ~[na:na]
	at org.junit.platform.engine.support.hierarchical.SameThreadHierarchicalTestExecutorService.invokeAll(SameThreadHierarchicalTestExecutorService.java:41) ~[junit-platform-engine-1.10.3.jar:1.10.3]
	at org.junit.platform.engine.support.hierarchical.NodeTestTask.lambda$executeRecursively$6(NodeTestTask.java:155) ~[junit-platform-engine-1.10.3.jar:1.10.3]
	at org.junit.platform.engine.support.hierarchical.ThrowableCollector.execute(ThrowableCollector.java:73) ~[junit-platform-engine-1.10.3.jar:1.10.3]
	at org.junit.platform.engine.support.hierarchical.NodeTestTask.lambda$executeRecursively$8(NodeTestTask.java:141) ~[junit-platform-engine-1.10.3.jar:1.10.3]
	at org.junit.platform.engine.support.hierarchical.Node.around(Node.java:137) ~[junit-platform-engine-1.10.3.jar:1.10.3]
	at org.junit.platform.engine.support.hierarchical.NodeTestTask.lambda$executeRecursively$9(NodeTestTask.java:139) ~[junit-platform-engine-1.10.3.jar:1.10.3]
	at org.junit.platform.engine.support.hierarchical.ThrowableCollector.execute(ThrowableCollector.java:73) ~[junit-platform-engine-1.10.3.jar:1.10.3]
	at org.junit.platform.engine.support.hierarchical.NodeTestTask.executeRecursively(NodeTestTask.java:138) ~[junit-platform-engine-1.10.3.jar:1.10.3]
	at org.junit.platform.engine.support.hierarchical.NodeTestTask.execute(NodeTestTask.java:95) ~[junit-platform-engine-1.10.3.jar:1.10.3]
	at org.junit.platform.engine.support.hierarchical.SameThreadHierarchicalTestExecutorService.submit(SameThreadHierarchicalTestExecutorService.java:35) ~[junit-platform-engine-1.10.3.jar:1.10.3]
	at org.junit.platform.engine.support.hierarchical.HierarchicalTestExecutor.execute(HierarchicalTestExecutor.java:57) ~[junit-platform-engine-1.10.3.jar:1.10.3]
	at org.junit.platform.engine.support.hierarchical.HierarchicalTestEngine.execute(HierarchicalTestEngine.java:54) ~[junit-platform-engine-1.10.3.jar:1.10.3]
	at org.junit.platform.launcher.core.EngineExecutionOrchestrator.execute(EngineExecutionOrchestrator.java:198) ~[junit-platform-launcher-1.10.3.jar:1.10.3]
	at org.junit.platform.launcher.core.EngineExecutionOrchestrator.execute(EngineExecutionOrchestrator.java:169) ~[junit-platform-launcher-1.10.3.jar:1.10.3]
	at org.junit.platform.launcher.core.EngineExecutionOrchestrator.execute(EngineExecutionOrchestrator.java:93) ~[junit-platform-launcher-1.10.3.jar:1.10.3]
	at org.junit.platform.launcher.core.EngineExecutionOrchestrator.execute(EngineExecutionOrchestrator.java:76) ~[junit-platform-launcher-1.10.3.jar:1.10.3]
	at org.junit.platform.suite.engine.SuiteLauncher.execute(SuiteLauncher.java:63) ~[junit-platform-suite-engine-1.10.3.jar:1.10.3]
	at org.junit.platform.suite.engine.SuiteTestDescriptor.execute(SuiteTestDescriptor.java:129) ~[junit-platform-suite-engine-1.10.3.jar:1.10.3]
	at org.junit.platform.suite.engine.SuiteTestEngine.lambda$execute$0(SuiteTestEngine.java:73) ~[junit-platform-suite-engine-1.10.3.jar:1.10.3]
	at java.base/java.util.stream.ForEachOps$ForEachOp$OfRef.accept(ForEachOps.java:183) ~[na:na]
	at java.base/java.util.stream.ReferencePipeline$3$1.accept(ReferencePipeline.java:197) ~[na:na]
	at java.base/java.util.Iterator.forEachRemaining(Iterator.java:133) ~[na:na]
	at java.base/java.util.Spliterators$IteratorSpliterator.forEachRemaining(Spliterators.java:1845) ~[na:na]
	at java.base/java.util.stream.AbstractPipeline.copyInto(AbstractPipeline.java:509) ~[na:na]
	at java.base/java.util.stream.AbstractPipeline.wrapAndCopyInto(AbstractPipeline.java:499) ~[na:na]
	at java.base/java.util.stream.ForEachOps$ForEachOp.evaluateSequential(ForEachOps.java:150) ~[na:na]
	at java.base/java.util.stream.ForEachOps$ForEachOp$OfRef.evaluateSequential(ForEachOps.java:173) ~[na:na]
	at java.base/java.util.stream.AbstractPipeline.evaluate(AbstractPipeline.java:234) ~[na:na]
	at java.base/java.util.stream.ReferencePipeline.forEach(ReferencePipeline.java:596) ~[na:na]
	at org.junit.platform.suite.engine.SuiteTestEngine.execute(SuiteTestEngine.java:73) ~[junit-platform-suite-engine-1.10.3.jar:1.10.3]
	at org.junit.platform.launcher.core.EngineExecutionOrchestrator.execute(EngineExecutionOrchestrator.java:198) ~[junit-platform-launcher-1.10.3.jar:1.10.3]
	at org.junit.platform.launcher.core.EngineExecutionOrchestrator.execute(EngineExecutionOrchestrator.java:169) ~[junit-platform-launcher-1.10.3.jar:1.10.3]
	at org.junit.platform.launcher.core.EngineExecutionOrchestrator.execute(EngineExecutionOrchestrator.java:93) ~[junit-platform-launcher-1.10.3.jar:1.10.3]
	at org.junit.platform.launcher.core.EngineExecutionOrchestrator.lambda$execute$0(EngineExecutionOrchestrator.java:58) ~[junit-platform-launcher-1.10.3.jar:1.10.3]
	at org.junit.platform.launcher.core.EngineExecutionOrchestrator.withInterceptedStreams(EngineExecutionOrchestrator.java:141) ~[junit-platform-launcher-1.10.3.jar:1.10.3]
	at org.junit.platform.launcher.core.EngineExecutionOrchestrator.execute(EngineExecutionOrchestrator.java:57) ~[junit-platform-launcher-1.10.3.jar:1.10.3]
	at org.junit.platform.launcher.core.DefaultLauncher.execute(DefaultLauncher.java:103) ~[junit-platform-launcher-1.10.3.jar:1.10.3]
	at org.junit.platform.launcher.core.DefaultLauncher.execute(DefaultLauncher.java:85) ~[junit-platform-launcher-1.10.3.jar:1.10.3]
	at org.junit.platform.launcher.core.DelegatingLauncher.execute(DelegatingLauncher.java:47) ~[junit-platform-launcher-1.10.3.jar:1.10.3]
	at org.apache.maven.surefire.junitplatform.LazyLauncher.execute(LazyLauncher.java:56) ~[surefire-junit-platform-3.2.5.jar:3.2.5]
	at org.apache.maven.surefire.junitplatform.JUnitPlatformProvider.execute(JUnitPlatformProvider.java:184) ~[surefire-junit-platform-3.2.5.jar:3.2.5]
	at org.apache.maven.surefire.junitplatform.JUnitPlatformProvider.invokeAllTests(JUnitPlatformProvider.java:148) ~[surefire-junit-platform-3.2.5.jar:3.2.5]
	at org.apache.maven.surefire.junitplatform.JUnitPlatformProvider.invoke(JUnitPlatformProvider.java:122) ~[surefire-junit-platform-3.2.5.jar:3.2.5]
	at org.apache.maven.surefire.booter.ForkedBooter.runSuitesInProcess(ForkedBooter.java:385) ~[surefire-booter-3.2.5.jar:3.2.5]
	at org.apache.maven.surefire.booter.ForkedBooter.execute(ForkedBooter.java:162) ~[surefire-booter-3.2.5.jar:3.2.5]
	at org.apache.maven.surefire.booter.ForkedBooter.run(ForkedBooter.java:507) ~[surefire-booter-3.2.5.jar:3.2.5]
	at org.apache.maven.surefire.booter.ForkedBooter.main(ForkedBooter.java:495) ~[surefire-booter-3.2.5.jar:3.2.5]
Caused by: java.lang.IllegalStateException: Could not find a valid Docker environment. Please see logs and check configuration
	at org.testcontainers.dockerclient.DockerClientProviderStrategy.lambda$getFirstValidStrategy$7(DockerClientProviderStrategy.java:274) ~[testcontainers-1.20.6.jar:1.20.6]
	at java.base/java.util.Optional.orElseThrow(Optional.java:403) ~[na:na]
	at org.testcontainers.dockerclient.DockerClientProviderStrategy.getFirstValidStrategy(DockerClientProviderStrategy.java:265) ~[testcontainers-1.20.6.jar:1.20.6]
	at org.testcontainers.DockerClientFactory.getOrInitializeStrategy(DockerClientFactory.java:154) ~[testcontainers-1.20.6.jar:1.20.6]
	at org.testcontainers.DockerClientFactory.client(DockerClientFactory.java:196) ~[testcontainers-1.20.6.jar:1.20.6]
	at org.testcontainers.DockerClientFactory$1.getDockerClient(DockerClientFactory.java:108) ~[testcontainers-1.20.6.jar:1.20.6]
	at com.github.dockerjava.api.DockerClientDelegate.authConfig(DockerClientDelegate.java:109) ~[docker-java-api-3.4.1.jar:na]
	at org.testcontainers.containers.GenericContainer.start(GenericContainer.java:321) ~[testcontainers-1.20.6.jar:na]
	at com.thinking.ticket.jpa.CucumberSpringConfiguration.<clinit>(CucumberSpringConfiguration.java:26) ~[test-classes/:na]
	... 100 common frames omitted




============================
CONDITIONS EVALUATION REPORT
============================


Positive matches:
-----------------

    None


Negative matches:
-----------------

    None


Exclusions:
-----------

    None


Unconditional classes:
----------------------

    None



2026-07-30T07:44:12.186Z  INFO 94 --- [ticket-reservation] [           main] t.c.s.AnnotationConfigContextLoaderUtils : Could not detect default configuration classes for test class [com.thinking.ticket.jpa.CucumberSpringConfiguration]: CucumberSpringConfiguration does not declare any static, non-private, non-final, nested classes annotated with @Configuration.
2026-07-30T07:44:12.194Z  INFO 94 --- [ticket-reservation] [           main] .b.t.c.SpringBootTestContextBootstrapper : Found @SpringBootConfiguration com.thinking.ticket.TicketReservationApplication for test class com.thinking.ticket.jpa.CucumberSpringConfiguration
2026-07-30T07:44:12.237Z  INFO 94 --- [ticket-reservation] [           main] t.c.s.AnnotationConfigContextLoaderUtils : Could not detect default configuration classes for test class [com.thinking.ticket.jpa.CucumberSpringConfiguration]: CucumberSpringConfiguration does not declare any static, non-private, non-final, nested classes annotated with @Configuration.
2026-07-30T07:44:12.246Z  INFO 94 --- [ticket-reservation] [           main] .b.t.c.SpringBootTestContextBootstrapper : Found @SpringBootConfiguration com.thinking.ticket.TicketReservationApplication for test class com.thinking.ticket.jpa.CucumberSpringConfiguration
2026-07-30T07:44:12.280Z  INFO 94 --- [ticket-reservation] [           main] t.c.s.AnnotationConfigContextLoaderUtils : Could not detect default configuration classes for test class [com.thinking.ticket.jpa.CucumberSpringConfiguration]: CucumberSpringConfiguration does not declare any static, non-private, non-final, nested classes annotated with @Configuration.
2026-07-30T07:44:12.286Z  INFO 94 --- [ticket-reservation] [           main] .b.t.c.SpringBootTestContextBootstrapper : Found @SpringBootConfiguration com.thinking.ticket.TicketReservationApplication for test class com.thinking.ticket.jpa.CucumberSpringConfiguration
2026-07-30T07:44:12.313Z  INFO 94 --- [ticket-reservation] [           main] t.c.s.AnnotationConfigContextLoaderUtils : Could not detect default configuration classes for test class [com.thinking.ticket.jpa.CucumberSpringConfiguration]: CucumberSpringConfiguration does not declare any static, non-private, non-final, nested classes annotated with @Configuration.
2026-07-30T07:44:12.318Z  INFO 94 --- [ticket-reservation] [           main] .b.t.c.SpringBootTestContextBootstrapper : Found @SpringBootConfiguration com.thinking.ticket.TicketReservationApplication for test class com.thinking.ticket.jpa.CucumberSpringConfiguration
2026-07-30T07:44:12.346Z  INFO 94 --- [ticket-reservation] [           main] t.c.s.AnnotationConfigContextLoaderUtils : Could not detect default configuration classes for test class [com.thinking.ticket.jpa.CucumberSpringConfiguration]: CucumberSpringConfiguration does not declare any static, non-private, non-final, nested classes annotated with @Configuration.
2026-07-30T07:44:12.351Z  INFO 94 --- [ticket-reservation] [           main] .b.t.c.SpringBootTestContextBootstrapper : Found @SpringBootConfiguration com.thinking.ticket.TicketReservationApplication for test class com.thinking.ticket.jpa.CucumberSpringConfiguration
2026-07-30T07:44:12.378Z  INFO 94 --- [ticket-reservation] [           main] t.c.s.AnnotationConfigContextLoaderUtils : Could not detect default configuration classes for test class [com.thinking.ticket.jpa.CucumberSpringConfiguration]: CucumberSpringConfiguration does not declare any static, non-private, non-final, nested classes annotated with @Configuration.
2026-07-30T07:44:12.383Z  INFO 94 --- [ticket-reservation] [           main] .b.t.c.SpringBootTestContextBootstrapper : Found @SpringBootConfiguration com.thinking.ticket.TicketReservationApplication for test class com.thinking.ticket.jpa.CucumberSpringConfiguration
      io.cucumber.core.exception.CompositeCucumberException: There were 7 exceptions. The details are in the stacktrace below.
	at io.cucumber.core.runtime.RethrowingThrowableCollector.getThrowable(RethrowingThrowableCollector.java:57)
	at io.cucumber.core.runtime.CucumberExecutionContext.getThrowable(CucumberExecutionContext.java:108)
	at io.cucumber.core.runtime.CucumberExecutionContext.finishTestRun(CucumberExecutionContext.java:103)
	at io.cucumber.junit.platform.engine.CucumberEngineExecutionContext.finishTestRun(CucumberEngineExecutionContext.java:126)
	at io.cucumber.junit.platform.engine.CucumberEngineDescriptor.ifChildren(CucumberEngineDescriptor.java:63)
	at io.cucumber.junit.platform.engine.CucumberEngineDescriptor.cleanUp(CucumberEngineDescriptor.java:48)
	at io.cucumber.junit.platform.engine.CucumberEngineDescriptor.cleanUp(CucumberEngineDescriptor.java:12)
	at org.junit.platform.engine.support.hierarchical.NodeTestTask.lambda$cleanUp$10(NodeTestTask.java:167)
	at org.junit.platform.engine.support.hierarchical.ThrowableCollector.execute(ThrowableCollector.java:73)
	at org.junit.platform.engine.support.hierarchical.NodeTestTask.cleanUp(NodeTestTask.java:167)
	at org.junit.platform.engine.support.hierarchical.NodeTestTask.execute(NodeTestTask.java:98)
	at org.junit.platform.engine.support.hierarchical.SameThreadHierarchicalTestExecutorService.submit(SameThreadHierarchicalTestExecutorService.java:35)
	at org.junit.platform.engine.support.hierarchical.HierarchicalTestExecutor.execute(HierarchicalTestExecutor.java:57)
	at org.junit.platform.engine.support.hierarchical.HierarchicalTestEngine.execute(HierarchicalTestEngine.java:54)
	at org.junit.platform.launcher.core.EngineExecutionOrchestrator.execute(EngineExecutionOrchestrator.java:198)
	at org.junit.platform.launcher.core.EngineExecutionOrchestrator.execute(EngineExecutionOrchestrator.java:169)
	at org.junit.platform.launcher.core.EngineExecutionOrchestrator.execute(EngineExecutionOrchestrator.java:93)
	at org.junit.platform.launcher.core.EngineExecutionOrchestrator.execute(EngineExecutionOrchestrator.java:76)
	at org.junit.platform.suite.engine.SuiteLauncher.execute(SuiteLauncher.java:63)
	at org.junit.platform.suite.engine.SuiteTestDescriptor.execute(SuiteTestDescriptor.java:129)
	at org.junit.platform.suite.engine.SuiteTestEngine.lambda$execute$0(SuiteTestEngine.java:73)
	at java.base/java.util.stream.ForEachOps$ForEachOp$OfRef.accept(ForEachOps.java:183)
	at java.base/java.util.stream.ReferencePipeline$3$1.accept(ReferencePipeline.java:197)
	at java.base/java.util.Iterator.forEachRemaining(Iterator.java:133)
	at java.base/java.util.Spliterators$IteratorSpliterator.forEachRemaining(Spliterators.java:1845)
	at java.base/java.util.stream.AbstractPipeline.copyInto(AbstractPipeline.java:509)
	at java.base/java.util.stream.AbstractPipeline.wrapAndCopyInto(AbstractPipeline.java:499)
	at java.base/java.util.stream.ForEachOps$ForEachOp.evaluateSequential(ForEachOps.java:150)
	at java.base/java.util.stream.ForEachOps$ForEachOp$OfRef.evaluateSequential(ForEachOps.java:173)
	at java.base/java.util.stream.AbstractPipeline.evaluate(AbstractPipeline.java:234)
	at java.base/java.util.stream.ReferencePipeline.forEach(ReferencePipeline.java:596)
	at org.junit.platform.suite.engine.SuiteTestEngine.execute(SuiteTestEngine.java:73)
	at org.junit.platform.launcher.core.EngineExecutionOrchestrator.execute(EngineExecutionOrchestrator.java:198)
	at org.junit.platform.launcher.core.EngineExecutionOrchestrator.execute(EngineExecutionOrchestrator.java:169)
	at org.junit.platform.launcher.core.EngineExecutionOrchestrator.execute(EngineExecutionOrchestrator.java:93)
	at org.junit.platform.launcher.core.EngineExecutionOrchestrator.lambda$execute$0(EngineExecutionOrchestrator.java:58)
	at org.junit.platform.launcher.core.EngineExecutionOrchestrator.withInterceptedStreams(EngineExecutionOrchestrator.java:141)
	at org.junit.platform.launcher.core.EngineExecutionOrchestrator.execute(EngineExecutionOrchestrator.java:57)
	at org.junit.platform.launcher.core.DefaultLauncher.execute(DefaultLauncher.java:103)
	at org.junit.platform.launcher.core.DefaultLauncher.execute(DefaultLauncher.java:85)
	at org.junit.platform.launcher.core.DelegatingLauncher.execute(DelegatingLauncher.java:47)
	at org.apache.maven.surefire.junitplatform.LazyLauncher.execute(LazyLauncher.java:56)
	at org.apache.maven.surefire.junitplatform.JUnitPlatformProvider.execute(JUnitPlatformProvider.java:184)
	at org.apache.maven.surefire.junitplatform.JUnitPlatformProvider.invokeAllTests(JUnitPlatformProvider.java:148)
	at org.apache.maven.surefire.junitplatform.JUnitPlatformProvider.invoke(JUnitPlatformProvider.java:122)
	at org.apache.maven.surefire.booter.ForkedBooter.runSuitesInProcess(ForkedBooter.java:385)
	at org.apache.maven.surefire.booter.ForkedBooter.execute(ForkedBooter.java:162)
	at org.apache.maven.surefire.booter.ForkedBooter.run(ForkedBooter.java:507)
	at org.apache.maven.surefire.booter.ForkedBooter.main(ForkedBooter.java:495)
	Suppressed: java.lang.IllegalStateException: Failed to load ApplicationContext for [WebMergedContextConfiguration@177c41d7 testClass = com.thinking.ticket.jpa.CucumberSpringConfiguration, locations = [], classes = [com.thinking.ticket.TicketReservationApplication], contextInitializerClasses = [], activeProfiles = ["test"], propertySourceDescriptors = [], propertySourceProperties = ["org.springframework.boot.test.context.SpringBootTestContextBootstrapper=true"], contextCustomizers = [[ImportsContextCustomizer@4f327096 key = [com.thinking.ticket.jpa.TestPaymentConfig]], org.springframework.boot.test.context.filter.ExcludeFilterContextCustomizer@3e821657, org.springframework.boot.test.json.DuplicateJsonObjectContextCustomizerFactory$DuplicateJsonObjectContextCustomizer@4aa83f4f, org.springframework.boot.test.mock.mockito.MockitoContextCustomizer@0, org.springframework.boot.test.web.client.TestRestTemplateContextCustomizer@784c3487, org.springframework.boot.test.web.reactor.netty.DisableReactorResourceFactoryGlobalResourcesContextCustomizerFactory$DisableReactorResourceFactoryGlobalResourcesContextCustomizerCustomizer@5829e4f4, org.springframework.boot.test.autoconfigure.actuate.observability.ObservabilityContextCustomizerFactory$DisableObservabilityContextCustomizer@1f, org.springframework.boot.test.autoconfigure.properties.PropertyMappingContextCustomizer@0, org.springframework.boot.test.autoconfigure.web.servlet.WebDriverContextCustomizer@2f4205be, org.springframework.test.context.support.DynamicPropertiesContextCustomizer@fb328fda, org.springframework.boot.test.context.SpringBootTestAnnotation@3048d943], resourceBasePath = "src/main/webapp", contextLoader = org.springframework.boot.test.context.SpringBootContextLoader, parent = null]
		at org.springframework.test.context.cache.DefaultCacheAwareContextLoaderDelegate.loadContext(DefaultCacheAwareContextLoaderDelegate.java:180)
		at org.springframework.test.context.support.DefaultTestContext.getApplicationContext(DefaultTestContext.java:130)
		at io.cucumber.spring.TestContextAdaptor.create(TestContextAdaptor.java:42)
		at io.cucumber.spring.SpringFactory.start(SpringFactory.java:121)
		at io.cucumber.core.runner.Runner.buildBackendWorlds(Runner.java:134)
		at io.cucumber.core.runner.Runner.runPickle(Runner.java:70)
		at io.cucumber.junit.platform.engine.CucumberEngineExecutionContext.lambda$runTestCase$4(CucumberEngineExecutionContext.java:112)
		at io.cucumber.core.runtime.CucumberExecutionContext.lambda$runTestCase$5(CucumberExecutionContext.java:136)
		at io.cucumber.core.runtime.RethrowingThrowableCollector.executeAndThrow(RethrowingThrowableCollector.java:23)
		at io.cucumber.core.runtime.CucumberExecutionContext.runTestCase(CucumberExecutionContext.java:136)
		at io.cucumber.junit.platform.engine.CucumberEngineExecutionContext.runTestCase(CucumberEngineExecutionContext.java:109)
		at io.cucumber.junit.platform.engine.NodeDescriptor$PickleDescriptor.execute(NodeDescriptor.java:168)
		at io.cucumber.junit.platform.engine.NodeDescriptor$PickleDescriptor.execute(NodeDescriptor.java:90)
		at java.base/java.util.ArrayList.forEach(ArrayList.java:1511)
		at java.base/java.util.ArrayList.forEach(ArrayList.java:1511)
	Caused by: java.lang.IllegalStateException: java.lang.ExceptionInInitializerError
		at org.springframework.boot.SpringApplication.handleRunFailure(SpringApplication.java:825)
		at org.springframework.boot.SpringApplication.run(SpringApplication.java:345)
		at org.springframework.boot.test.context.SpringBootContextLoader.lambda$loadContext$3(SpringBootContextLoader.java:137)
		at org.springframework.util.function.ThrowingSupplier.get(ThrowingSupplier.java:58)
		at org.springframework.util.function.ThrowingSupplier.get(ThrowingSupplier.java:46)
		at org.springframework.boot.SpringApplication.withHook(SpringApplication.java:1463)
		at org.springframework.boot.test.context.SpringBootContextLoader$ContextLoaderHook.run(SpringBootContextLoader.java:553)
		at org.springframework.boot.test.context.SpringBootContextLoader.loadContext(SpringBootContextLoader.java:137)
		at org.springframework.boot.test.context.SpringBootContextLoader.loadContext(SpringBootContextLoader.java:108)
		at org.springframework.test.context.cache.DefaultCacheAwareContextLoaderDelegate.loadContextInternal(DefaultCacheAwareContextLoaderDelegate.java:225)
		at org.springframework.test.context.cache.DefaultCacheAwareContextLoaderDelegate.loadContext(DefaultCacheAwareContextLoaderDelegate.java:152)
		... 14 more
	Caused by: java.lang.ExceptionInInitializerError
		at java.base/java.lang.reflect.Method.invoke(Method.java:569)
		at org.springframework.util.ReflectionUtils.invokeMethod(ReflectionUtils.java:281)
		at org.springframework.test.context.support.DynamicPropertiesContextCustomizer.lambda$buildDynamicPropertiesMap$3(DynamicPropertiesContextCustomizer.java:82)
		at java.base/java.lang.Iterable.forEach(Iterable.java:75)
		at org.springframework.test.context.support.DynamicPropertiesContextCustomizer.buildDynamicPropertiesMap(DynamicPropertiesContextCustomizer.java:80)
		at org.springframework.test.context.support.DynamicPropertiesContextCustomizer.customizeContext(DynamicPropertiesContextCustomizer.java:70)
		at org.springframework.boot.test.context.SpringBootContextLoader$ContextCustomizerAdapter.initialize(SpringBootContextLoader.java:443)
		at org.springframework.boot.SpringApplication.applyInitializers(SpringApplication.java:627)
		at org.springframework.boot.SpringApplication.prepareContext(SpringApplication.java:401)
		at org.springframework.boot.SpringApplication.run(SpringApplication.java:334)
		... 23 more
	Caused by: java.lang.IllegalStateException: Could not find a valid Docker environment. Please see logs and check configuration
		at org.testcontainers.dockerclient.DockerClientProviderStrategy.lambda$getFirstValidStrategy$7(DockerClientProviderStrategy.java:274)
		at java.base/java.util.Optional.orElseThrow(Optional.java:403)
		at org.testcontainers.dockerclient.DockerClientProviderStrategy.getFirstValidStrategy(DockerClientProviderStrategy.java:265)
		at org.testcontainers.DockerClientFactory.getOrInitializeStrategy(DockerClientFactory.java:154)
		at org.testcontainers.DockerClientFactory.client(DockerClientFactory.java:196)
		at org.testcontainers.DockerClientFactory$1.getDockerClient(DockerClientFactory.java:108)
		at com.github.dockerjava.api.DockerClientDelegate.authConfig(DockerClientDelegate.java:109)
		at org.testcontainers.containers.GenericContainer.start(GenericContainer.java:321)
		at com.thinking.ticket.jpa.CucumberSpringConfiguration.<clinit>(CucumberSpringConfiguration.java:26)
		... 33 more
	Suppressed: java.lang.IllegalStateException: ApplicationContext failure threshold (1) exceeded: skipping repeated attempt to load context for [WebMergedContextConfiguration@48eb001a testClass = com.thinking.ticket.jpa.CucumberSpringConfiguration, locations = [], classes = [com.thinking.ticket.TicketReservationApplication], contextInitializerClasses = [], activeProfiles = ["test"], propertySourceDescriptors = [], propertySourceProperties = ["org.springframework.boot.test.context.SpringBootTestContextBootstrapper=true"], contextCustomizers = [[ImportsContextCustomizer@34332b8d key = [com.thinking.ticket.jpa.TestPaymentConfig]], org.springframework.boot.test.context.filter.ExcludeFilterContextCustomizer@3e821657, org.springframework.boot.test.json.DuplicateJsonObjectContextCustomizerFactory$DuplicateJsonObjectContextCustomizer@4aa83f4f, org.springframework.boot.test.mock.mockito.MockitoContextCustomizer@0, org.springframework.boot.test.web.client.TestRestTemplateContextCustomizer@784c3487, org.springframework.boot.test.web.reactor.netty.DisableReactorResourceFactoryGlobalResourcesContextCustomizerFactory$DisableReactorResourceFactoryGlobalResourcesContextCustomizerCustomizer@5829e4f4, org.springframework.boot.test.autoconfigure.actuate.observability.ObservabilityContextCustomizerFactory$DisableObservabilityContextCustomizer@1f, org.springframework.boot.test.autoconfigure.properties.PropertyMappingContextCustomizer@0, org.springframework.boot.test.autoconfigure.web.servlet.WebDriverContextCustomizer@2f4205be, org.springframework.test.context.support.DynamicPropertiesContextCustomizer@fb328fda, org.springframework.boot.test.context.SpringBootTestAnnotation@3048d943], resourceBasePath = "src/main/webapp", contextLoader = org.springframework.boot.test.context.SpringBootContextLoader, parent = null]
		at org.springframework.test.context.cache.DefaultCacheAwareContextLoaderDelegate.loadContext(DefaultCacheAwareContextLoaderDelegate.java:145)
		at org.springframework.test.context.support.DefaultTestContext.getApplicationContext(DefaultTestContext.java:130)
		at io.cucumber.spring.TestContextAdaptor.create(TestContextAdaptor.java:42)
		at io.cucumber.spring.SpringFactory.start(SpringFactory.java:121)
		at io.cucumber.core.runner.Runner.buildBackendWorlds(Runner.java:134)
		at io.cucumber.core.runner.Runner.runPickle(Runner.java:70)
		at io.cucumber.junit.platform.engine.CucumberEngineExecutionContext.lambda$runTestCase$4(CucumberEngineExecutionContext.java:112)
		at io.cucumber.core.runtime.CucumberExecutionContext.lambda$runTestCase$5(CucumberExecutionContext.java:136)
		at io.cucumber.core.runtime.RethrowingThrowableCollector.executeAndThrow(RethrowingThrowableCollector.java:23)
		at io.cucumber.core.runtime.CucumberExecutionContext.runTestCase(CucumberExecutionContext.java:136)
		at io.cucumber.junit.platform.engine.CucumberEngineExecutionContext.runTestCase(CucumberEngineExecutionContext.java:109)
		at io.cucumber.junit.platform.engine.NodeDescriptor$PickleDescriptor.execute(NodeDescriptor.java:168)
		at io.cucumber.junit.platform.engine.NodeDescriptor$PickleDescriptor.execute(NodeDescriptor.java:90)
		at java.base/java.util.ArrayList.forEach(ArrayList.java:1511)
		at java.base/java.util.ArrayList.forEach(ArrayList.java:1511)
	Suppressed: java.lang.IllegalStateException: ApplicationContext failure threshold (1) exceeded: skipping repeated attempt to load context for [WebMergedContextConfiguration@6f8aba08 testClass = com.thinking.ticket.jpa.CucumberSpringConfiguration, locations = [], classes = [com.thinking.ticket.TicketReservationApplication], contextInitializerClasses = [], activeProfiles = ["test"], propertySourceDescriptors = [], propertySourceProperties = ["org.springframework.boot.test.context.SpringBootTestContextBootstrapper=true"], contextCustomizers = [[ImportsContextCustomizer@7ff19c33 key = [com.thinking.ticket.jpa.TestPaymentConfig]], org.springframework.boot.test.context.filter.ExcludeFilterContextCustomizer@3e821657, org.springframework.boot.test.json.DuplicateJsonObjectContextCustomizerFactory$DuplicateJsonObjectContextCustomizer@4aa83f4f, org.springframework.boot.test.mock.mockito.MockitoContextCustomizer@0, org.springframework.boot.test.web.client.TestRestTemplateContextCustomizer@784c3487, org.springframework.boot.test.web.reactor.netty.DisableReactorResourceFactoryGlobalResourcesContextCustomizerFactory$DisableReactorResourceFactoryGlobalResourcesContextCustomizerCustomizer@5829e4f4, org.springframework.boot.test.autoconfigure.actuate.observability.ObservabilityContextCustomizerFactory$DisableObservabilityContextCustomizer@1f, org.springframework.boot.test.autoconfigure.properties.PropertyMappingContextCustomizer@0, org.springframework.boot.test.autoconfigure.web.servlet.WebDriverContextCustomizer@2f4205be, org.springframework.test.context.support.DynamicPropertiesContextCustomizer@fb328fda, org.springframework.boot.test.context.SpringBootTestAnnotation@3048d943], resourceBasePath = "src/main/webapp", contextLoader = org.springframework.boot.test.context.SpringBootContextLoader, parent = null]
		at org.springframework.test.context.cache.DefaultCacheAwareContextLoaderDelegate.loadContext(DefaultCacheAwareContextLoaderDelegate.java:145)
		at org.springframework.test.context.support.DefaultTestContext.getApplicationContext(DefaultTestContext.java:130)
		at io.cucumber.spring.TestContextAdaptor.create(TestContextAdaptor.java:42)
		at io.cucumber.spring.SpringFactory.start(SpringFactory.java:121)
		at io.cucumber.core.runner.Runner.buildBackendWorlds(Runner.java:134)
		at io.cucumber.core.runner.Runner.runPickle(Runner.java:70)
		at io.cucumber.junit.platform.engine.CucumberEngineExecutionContext.lambda$runTestCase$4(CucumberEngineExecutionContext.java:112)
		at io.cucumber.core.runtime.CucumberExecutionContext.lambda$runTestCase$5(CucumberExecutionContext.java:136)
		at io.cucumber.core.runtime.RethrowingThrowableCollector.executeAndThrow(RethrowingThrowableCollector.java:23)
		at io.cucumber.core.runtime.CucumberExecutionContext.runTestCase(CucumberExecutionContext.java:136)
		at io.cucumber.junit.platform.engine.CucumberEngineExecutionContext.runTestCase(CucumberEngineExecutionContext.java:109)
		at io.cucumber.junit.platform.engine.NodeDescriptor$PickleDescriptor.execute(NodeDescriptor.java:168)
		at io.cucumber.junit.platform.engine.NodeDescriptor$PickleDescriptor.execute(NodeDescriptor.java:90)
		at java.base/java.util.ArrayList.forEach(ArrayList.java:1511)
		at java.base/java.util.ArrayList.forEach(ArrayList.java:1511)
	Suppressed: java.lang.IllegalStateException: ApplicationContext failure threshold (1) exceeded: skipping repeated attempt to load context for [WebMergedContextConfiguration@7cca01a8 testClass = com.thinking.ticket.jpa.CucumberSpringConfiguration, locations = [], classes = [com.thinking.ticket.TicketReservationApplication], contextInitializerClasses = [], activeProfiles = ["test"], propertySourceDescriptors = [], propertySourceProperties = ["org.springframework.boot.test.context.SpringBootTestContextBootstrapper=true"], contextCustomizers = [[ImportsContextCustomizer@462abec3 key = [com.thinking.ticket.jpa.TestPaymentConfig]], org.springframework.boot.test.context.filter.ExcludeFilterContextCustomizer@3e821657, org.springframework.boot.test.json.DuplicateJsonObjectContextCustomizerFactory$DuplicateJsonObjectContextCustomizer@4aa83f4f, org.springframework.boot.test.mock.mockito.MockitoContextCustomizer@0, org.springframework.boot.test.web.client.TestRestTemplateContextCustomizer@784c3487, org.springframework.boot.test.web.reactor.netty.DisableReactorResourceFactoryGlobalResourcesContextCustomizerFactory$DisableReactorResourceFactoryGlobalResourcesContextCustomizerCustomizer@5829e4f4, org.springframework.boot.test.autoconfigure.actuate.observability.ObservabilityContextCustomizerFactory$DisableObservabilityContextCustomizer@1f, org.springframework.boot.test.autoconfigure.properties.PropertyMappingContextCustomizer@0, org.springframework.boot.test.autoconfigure.web.servlet.WebDriverContextCustomizer@2f4205be, org.springframework.test.context.support.DynamicPropertiesContextCustomizer@fb328fda, org.springframework.boot.test.context.SpringBootTestAnnotation@3048d943], resourceBasePath = "src/main/webapp", contextLoader = org.springframework.boot.test.context.SpringBootContextLoader, parent = null]
		at org.springframework.test.context.cache.DefaultCacheAwareContextLoaderDelegate.loadContext(DefaultCacheAwareContextLoaderDelegate.java:145)
		at org.springframework.test.context.support.DefaultTestContext.getApplicationContext(DefaultTestContext.java:130)
		at io.cucumber.spring.TestContextAdaptor.create(TestContextAdaptor.java:42)
		at io.cucumber.spring.SpringFactory.start(SpringFactory.java:121)
		at io.cucumber.core.runner.Runner.buildBackendWorlds(Runner.java:134)
		at io.cucumber.core.runner.Runner.runPickle(Runner.java:70)
		at io.cucumber.junit.platform.engine.CucumberEngineExecutionContext.lambda$runTestCase$4(CucumberEngineExecutionContext.java:112)
		at io.cucumber.core.runtime.CucumberExecutionContext.lambda$runTestCase$5(CucumberExecutionContext.java:136)
		at io.cucumber.core.runtime.RethrowingThrowableCollector.executeAndThrow(RethrowingThrowableCollector.java:23)
		at io.cucumber.core.runtime.CucumberExecutionContext.runTestCase(CucumberExecutionContext.java:136)
		at io.cucumber.junit.platform.engine.CucumberEngineExecutionContext.runTestCase(CucumberEngineExecutionContext.java:109)
		at io.cucumber.junit.platform.engine.NodeDescriptor$PickleDescriptor.execute(NodeDescriptor.java:168)
		at io.cucumber.junit.platform.engine.NodeDescriptor$PickleDescriptor.execute(NodeDescriptor.java:90)
		at java.base/java.util.ArrayList.forEach(ArrayList.java:1511)
		at java.base/java.util.ArrayList.forEach(ArrayList.java:1511)
	Suppressed: java.lang.IllegalStateException: ApplicationContext failure threshold (1) exceeded: skipping repeated attempt to load context for [WebMergedContextConfiguration@7a4d582c testClass = com.thinking.ticket.jpa.CucumberSpringConfiguration, locations = [], classes = [com.thinking.ticket.TicketReservationApplication], contextInitializerClasses = [], activeProfiles = ["test"], propertySourceDescriptors = [], propertySourceProperties = ["org.springframework.boot.test.context.SpringBootTestContextBootstrapper=true"], contextCustomizers = [[ImportsContextCustomizer@5626d18c key = [com.thinking.ticket.jpa.TestPaymentConfig]], org.springframework.boot.test.context.filter.ExcludeFilterContextCustomizer@3e821657, org.springframework.boot.test.json.DuplicateJsonObjectContextCustomizerFactory$DuplicateJsonObjectContextCustomizer@4aa83f4f, org.springframework.boot.test.mock.mockito.MockitoContextCustomizer@0, org.springframework.boot.test.web.client.TestRestTemplateContextCustomizer@784c3487, org.springframework.boot.test.web.reactor.netty.DisableReactorResourceFactoryGlobalResourcesContextCustomizerFactory$DisableReactorResourceFactoryGlobalResourcesContextCustomizerCustomizer@5829e4f4, org.springframework.boot.test.autoconfigure.actuate.observability.ObservabilityContextCustomizerFactory$DisableObservabilityContextCustomizer@1f, org.springframework.boot.test.autoconfigure.properties.PropertyMappingContextCustomizer@0, org.springframework.boot.test.autoconfigure.web.servlet.WebDriverContextCustomizer@2f4205be, org.springframework.test.context.support.DynamicPropertiesContextCustomizer@fb328fda, org.springframework.boot.test.context.SpringBootTestAnnotation@3048d943], resourceBasePath = "src/main/webapp", contextLoader = org.springframework.boot.test.context.SpringBootContextLoader, parent = null]
		at org.springframework.test.context.cache.DefaultCacheAwareContextLoaderDelegate.loadContext(DefaultCacheAwareContextLoaderDelegate.java:145)
		at org.springframework.test.context.support.DefaultTestContext.getApplicationContext(DefaultTestContext.java:130)
		at io.cucumber.spring.TestContextAdaptor.create(TestContextAdaptor.java:42)
		at io.cucumber.spring.SpringFactory.start(SpringFactory.java:121)
		at io.cucumber.core.runner.Runner.buildBackendWorlds(Runner.java:134)
		at io.cucumber.core.runner.Runner.runPickle(Runner.java:70)
		at io.cucumber.junit.platform.engine.CucumberEngineExecutionContext.lambda$runTestCase$4(CucumberEngineExecutionContext.java:112)
		at io.cucumber.core.runtime.CucumberExecutionContext.lambda$runTestCase$5(CucumberExecutionContext.java:136)
		at io.cucumber.core.runtime.RethrowingThrowableCollector.executeAndThrow(RethrowingThrowableCollector.java:23)
		at io.cucumber.core.runtime.CucumberExecutionContext.runTestCase(CucumberExecutionContext.java:136)
		at io.cucumber.junit.platform.engine.CucumberEngineExecutionContext.runTestCase(CucumberEngineExecutionContext.java:109)
		at io.cucumber.junit.platform.engine.NodeDescriptor$PickleDescriptor.execute(NodeDescriptor.java:168)
		at io.cucumber.junit.platform.engine.NodeDescriptor$PickleDescriptor.execute(NodeDescriptor.java:90)
		at java.base/java.util.ArrayList.forEach(ArrayList.java:1511)
		at java.base/java.util.ArrayList.forEach(ArrayList.java:1511)
	Suppressed: java.lang.IllegalStateException: ApplicationContext failure threshold (1) exceeded: skipping repeated attempt to load context for [WebMergedContextConfiguration@3dc95b8b testClass = com.thinking.ticket.jpa.CucumberSpringConfiguration, locations = [], classes = [com.thinking.ticket.TicketReservationApplication], contextInitializerClasses = [], activeProfiles = ["test"], propertySourceDescriptors = [], propertySourceProperties = ["org.springframework.boot.test.context.SpringBootTestContextBootstrapper=true"], contextCustomizers = [[ImportsContextCustomizer@2d55e826 key = [com.thinking.ticket.jpa.TestPaymentConfig]], org.springframework.boot.test.context.filter.ExcludeFilterContextCustomizer@3e821657, org.springframework.boot.test.json.DuplicateJsonObjectContextCustomizerFactory$DuplicateJsonObjectContextCustomizer@4aa83f4f, org.springframework.boot.test.mock.mockito.MockitoContextCustomizer@0, org.springframework.boot.test.web.client.TestRestTemplateContextCustomizer@784c3487, org.springframework.boot.test.web.reactor.netty.DisableReactorResourceFactoryGlobalResourcesContextCustomizerFactory$DisableReactorResourceFactoryGlobalResourcesContextCustomizerCustomizer@5829e4f4, org.springframework.boot.test.autoconfigure.actuate.observability.ObservabilityContextCustomizerFactory$DisableObservabilityContextCustomizer@1f, org.springframework.boot.test.autoconfigure.properties.PropertyMappingContextCustomizer@0, org.springframework.boot.test.autoconfigure.web.servlet.WebDriverContextCustomizer@2f4205be, org.springframework.test.context.support.DynamicPropertiesContextCustomizer@fb328fda, org.springframework.boot.test.context.SpringBootTestAnnotation@3048d943], resourceBasePath = "src/main/webapp", contextLoader = org.springframework.boot.test.context.SpringBootContextLoader, parent = null]
		at org.springframework.test.context.cache.DefaultCacheAwareContextLoaderDelegate.loadContext(DefaultCacheAwareContextLoaderDelegate.java:145)
		at org.springframework.test.context.support.DefaultTestContext.getApplicationContext(DefaultTestContext.java:130)
		at io.cucumber.spring.TestContextAdaptor.create(TestContextAdaptor.java:42)
		at io.cucumber.spring.SpringFactory.start(SpringFactory.java:121)
		at io.cucumber.core.runner.Runner.buildBackendWorlds(Runner.java:134)
		at io.cucumber.core.runner.Runner.runPickle(Runner.java:70)
		at io.cucumber.junit.platform.engine.CucumberEngineExecutionContext.lambda$runTestCase$4(CucumberEngineExecutionContext.java:112)
		at io.cucumber.core.runtime.CucumberExecutionContext.lambda$runTestCase$5(CucumberExecutionContext.java:136)
		at io.cucumber.core.runtime.RethrowingThrowableCollector.executeAndThrow(RethrowingThrowableCollector.java:23)
		at io.cucumber.core.runtime.CucumberExecutionContext.runTestCase(CucumberExecutionContext.java:136)
		at io.cucumber.junit.platform.engine.CucumberEngineExecutionContext.runTestCase(CucumberEngineExecutionContext.java:109)
		at io.cucumber.junit.platform.engine.NodeDescriptor$PickleDescriptor.execute(NodeDescriptor.java:168)
		at io.cucumber.junit.platform.engine.NodeDescriptor$PickleDescriptor.execute(NodeDescriptor.java:90)
		at java.base/java.util.ArrayList.forEach(ArrayList.java:1511)
		at java.base/java.util.ArrayList.forEach(ArrayList.java:1511)
	Suppressed: java.lang.IllegalStateException: ApplicationContext failure threshold (1) exceeded: skipping repeated attempt to load context for [WebMergedContextConfiguration@45f756e6 testClass = com.thinking.ticket.jpa.CucumberSpringConfiguration, locations = [], classes = [com.thinking.ticket.TicketReservationApplication], contextInitializerClasses = [], activeProfiles = ["test"], propertySourceDescriptors = [], propertySourceProperties = ["org.springframework.boot.test.context.SpringBootTestContextBootstrapper=true"], contextCustomizers = [[ImportsContextCustomizer@329548d0 key = [com.thinking.ticket.jpa.TestPaymentConfig]], org.springframework.boot.test.context.filter.ExcludeFilterContextCustomizer@3e821657, org.springframework.boot.test.json.DuplicateJsonObjectContextCustomizerFactory$DuplicateJsonObjectContextCustomizer@4aa83f4f, org.springframework.boot.test.mock.mockito.MockitoContextCustomizer@0, org.springframework.boot.test.web.client.TestRestTemplateContextCustomizer@784c3487, org.springframework.boot.test.web.reactor.netty.DisableReactorResourceFactoryGlobalResourcesContextCustomizerFactory$DisableReactorResourceFactoryGlobalResourcesContextCustomizerCustomizer@5829e4f4, org.springframework.boot.test.autoconfigure.actuate.observability.ObservabilityContextCustomizerFactory$DisableObservabilityContextCustomizer@1f, org.springframework.boot.test.autoconfigure.properties.PropertyMappingContextCustomizer@0, org.springframework.boot.test.autoconfigure.web.servlet.WebDriverContextCustomizer@2f4205be, org.springframework.test.context.support.DynamicPropertiesContextCustomizer@fb328fda, org.springframework.boot.test.context.SpringBootTestAnnotation@3048d943], resourceBasePath = "src/main/webapp", contextLoader = org.springframework.boot.test.context.SpringBootContextLoader, parent = null]
		at org.springframework.test.context.cache.DefaultCacheAwareContextLoaderDelegate.loadContext(DefaultCacheAwareContextLoaderDelegate.java:145)
		at org.springframework.test.context.support.DefaultTestContext.getApplicationContext(DefaultTestContext.java:130)
		at io.cucumber.spring.TestContextAdaptor.create(TestContextAdaptor.java:42)
		at io.cucumber.spring.SpringFactory.start(SpringFactory.java:121)
		at io.cucumber.core.runner.Runner.buildBackendWorlds(Runner.java:134)
		at io.cucumber.core.runner.Runner.runPickle(Runner.java:70)
		at io.cucumber.junit.platform.engine.CucumberEngineExecutionContext.lambda$runTestCase$4(CucumberEngineExecutionContext.java:112)
		at io.cucumber.core.runtime.CucumberExecutionContext.lambda$runTestCase$5(CucumberExecutionContext.java:136)
		at io.cucumber.core.runtime.RethrowingThrowableCollector.executeAndThrow(RethrowingThrowableCollector.java:23)
		at io.cucumber.core.runtime.CucumberExecutionContext.runTestCase(CucumberExecutionContext.java:136)
		at io.cucumber.junit.platform.engine.CucumberEngineExecutionContext.runTestCase(CucumberEngineExecutionContext.java:109)
		at io.cucumber.junit.platform.engine.NodeDescriptor$PickleDescriptor.execute(NodeDescriptor.java:168)
		at io.cucumber.junit.platform.engine.NodeDescriptor$PickleDescriptor.execute(NodeDescriptor.java:90)
		at java.base/java.util.ArrayList.forEach(ArrayList.java:1511)
		at java.base/java.util.ArrayList.forEach(ArrayList.java:1511)


0 Scenarios
0 Steps
0m10.124s


[ERROR] Tests run: 7, Failures: 0, Errors: 7, Skipped: 0, Time elapsed: 10.63 s <<< FAILURE! -- in com.thinking.ticket.jpa.JpaCucumberAcceptanceTest
[ERROR] 새 요구사항 — 제출물 4 변화 저항력 시험.5만원 이상 티켓은 10% 할인된 금액이 청구된다 -- Time elapsed: 8.258 s <<< ERROR!
java.lang.IllegalStateException: Failed to load ApplicationContext for [WebMergedContextConfiguration@177c41d7 testClass = com.thinking.ticket.jpa.CucumberSpringConfiguration, locations = [], classes = [com.thinking.ticket.TicketReservationApplication], contextInitializerClasses = [], activeProfiles = ["test"], propertySourceDescriptors = [], propertySourceProperties = ["org.springframework.boot.test.context.SpringBootTestContextBootstrapper=true"], contextCustomizers = [[ImportsContextCustomizer@4f327096 key = [com.thinking.ticket.jpa.TestPaymentConfig]], org.springframework.boot.test.context.filter.ExcludeFilterContextCustomizer@3e821657, org.springframework.boot.test.json.DuplicateJsonObjectContextCustomizerFactory$DuplicateJsonObjectContextCustomizer@4aa83f4f, org.springframework.boot.test.mock.mockito.MockitoContextCustomizer@0, org.springframework.boot.test.web.client.TestRestTemplateContextCustomizer@784c3487, org.springframework.boot.test.web.reactor.netty.DisableReactorResourceFactoryGlobalResourcesContextCustomizerFactory$DisableReactorResourceFactoryGlobalResourcesContextCustomizerCustomizer@5829e4f4, org.springframework.boot.test.autoconfigure.actuate.observability.ObservabilityContextCustomizerFactory$DisableObservabilityContextCustomizer@1f, org.springframework.boot.test.autoconfigure.properties.PropertyMappingContextCustomizer@0, org.springframework.boot.test.autoconfigure.web.servlet.WebDriverContextCustomizer@2f4205be, org.springframework.test.context.support.DynamicPropertiesContextCustomizer@fb328fda, org.springframework.boot.test.context.SpringBootTestAnnotation@3048d943], resourceBasePath = "src/main/webapp", contextLoader = org.springframework.boot.test.context.SpringBootContextLoader, parent = null]
	at org.springframework.test.context.cache.DefaultCacheAwareContextLoaderDelegate.loadContext(DefaultCacheAwareContextLoaderDelegate.java:180)
	at org.springframework.test.context.support.DefaultTestContext.getApplicationContext(DefaultTestContext.java:130)
	at io.cucumber.spring.TestContextAdaptor.create(TestContextAdaptor.java:42)
	at io.cucumber.spring.SpringFactory.start(SpringFactory.java:121)
	at io.cucumber.core.runner.Runner.buildBackendWorlds(Runner.java:134)
	at io.cucumber.core.runner.Runner.runPickle(Runner.java:70)
	at io.cucumber.junit.platform.engine.CucumberEngineExecutionContext.lambda$runTestCase$4(CucumberEngineExecutionContext.java:112)
	at io.cucumber.core.runtime.CucumberExecutionContext.lambda$runTestCase$5(CucumberExecutionContext.java:136)
	at io.cucumber.core.runtime.RethrowingThrowableCollector.executeAndThrow(RethrowingThrowableCollector.java:23)
	at io.cucumber.core.runtime.CucumberExecutionContext.runTestCase(CucumberExecutionContext.java:136)
	at io.cucumber.junit.platform.engine.CucumberEngineExecutionContext.runTestCase(CucumberEngineExecutionContext.java:109)
	at io.cucumber.junit.platform.engine.NodeDescriptor$PickleDescriptor.execute(NodeDescriptor.java:168)
	at io.cucumber.junit.platform.engine.NodeDescriptor$PickleDescriptor.execute(NodeDescriptor.java:90)
	at java.base/java.util.ArrayList.forEach(ArrayList.java:1511)
	at java.base/java.util.ArrayList.forEach(ArrayList.java:1511)
Caused by: java.lang.IllegalStateException: java.lang.ExceptionInInitializerError
	at org.springframework.boot.SpringApplication.handleRunFailure(SpringApplication.java:825)
	at org.springframework.boot.SpringApplication.run(SpringApplication.java:345)
	at org.springframework.boot.test.context.SpringBootContextLoader.lambda$loadContext$3(SpringBootContextLoader.java:137)
	at org.springframework.util.function.ThrowingSupplier.get(ThrowingSupplier.java:58)
	at org.springframework.util.function.ThrowingSupplier.get(ThrowingSupplier.java:46)
	at org.springframework.boot.SpringApplication.withHook(SpringApplication.java:1463)
	at org.springframework.boot.test.context.SpringBootContextLoader$ContextLoaderHook.run(SpringBootContextLoader.java:553)
	at org.springframework.boot.test.context.SpringBootContextLoader.loadContext(SpringBootContextLoader.java:137)
	at org.springframework.boot.test.context.SpringBootContextLoader.loadContext(SpringBootContextLoader.java:108)
	at org.springframework.test.context.cache.DefaultCacheAwareContextLoaderDelegate.loadContextInternal(DefaultCacheAwareContextLoaderDelegate.java:225)
	at org.springframework.test.context.cache.DefaultCacheAwareContextLoaderDelegate.loadContext(DefaultCacheAwareContextLoaderDelegate.java:152)
	... 14 more
Caused by: java.lang.ExceptionInInitializerError
	at java.base/java.lang.reflect.Method.invoke(Method.java:569)
	at org.springframework.util.ReflectionUtils.invokeMethod(ReflectionUtils.java:281)
	at org.springframework.test.context.support.DynamicPropertiesContextCustomizer.lambda$buildDynamicPropertiesMap$3(DynamicPropertiesContextCustomizer.java:82)
	at java.base/java.lang.Iterable.forEach(Iterable.java:75)
	at org.springframework.test.context.support.DynamicPropertiesContextCustomizer.buildDynamicPropertiesMap(DynamicPropertiesContextCustomizer.java:80)
	at org.springframework.test.context.support.DynamicPropertiesContextCustomizer.customizeContext(DynamicPropertiesContextCustomizer.java:70)
	at org.springframework.boot.test.context.SpringBootContextLoader$ContextCustomizerAdapter.initialize(SpringBootContextLoader.java:443)
	at org.springframework.boot.SpringApplication.applyInitializers(SpringApplication.java:627)
	at org.springframework.boot.SpringApplication.prepareContext(SpringApplication.java:401)
	at org.springframework.boot.SpringApplication.run(SpringApplication.java:334)
	... 23 more
Caused by: java.lang.IllegalStateException: Could not find a valid Docker environment. Please see logs and check configuration
	at org.testcontainers.dockerclient.DockerClientProviderStrategy.lambda$getFirstValidStrategy$7(DockerClientProviderStrategy.java:274)
	at java.base/java.util.Optional.orElseThrow(Optional.java:403)
	at org.testcontainers.dockerclient.DockerClientProviderStrategy.getFirstValidStrategy(DockerClientProviderStrategy.java:265)
	at org.testcontainers.DockerClientFactory.getOrInitializeStrategy(DockerClientFactory.java:154)
	at org.testcontainers.DockerClientFactory.client(DockerClientFactory.java:196)
	at org.testcontainers.DockerClientFactory$1.getDockerClient(DockerClientFactory.java:108)
	at com.github.dockerjava.api.DockerClientDelegate.authConfig(DockerClientDelegate.java:109)
	at org.testcontainers.containers.GenericContainer.start(GenericContainer.java:321)
	at com.thinking.ticket.jpa.CucumberSpringConfiguration.<clinit>(CucumberSpringConfiguration.java:26)
	... 33 more

[ERROR] 새 요구사항 — 제출물 4 변화 저항력 시험.판매 중지된 티켓은 예매할 수 없고 결제도 일어나지 않는다 -- Time elapsed: 0.041 s <<< ERROR!
java.lang.IllegalStateException: ApplicationContext failure threshold (1) exceeded: skipping repeated attempt to load context for [WebMergedContextConfiguration@48eb001a testClass = com.thinking.ticket.jpa.CucumberSpringConfiguration, locations = [], classes = [com.thinking.ticket.TicketReservationApplication], contextInitializerClasses = [], activeProfiles = ["test"], propertySourceDescriptors = [], propertySourceProperties = ["org.springframework.boot.test.context.SpringBootTestContextBootstrapper=true"], contextCustomizers = [[ImportsContextCustomizer@34332b8d key = [com.thinking.ticket.jpa.TestPaymentConfig]], org.springframework.boot.test.context.filter.ExcludeFilterContextCustomizer@3e821657, org.springframework.boot.test.json.DuplicateJsonObjectContextCustomizerFactory$DuplicateJsonObjectContextCustomizer@4aa83f4f, org.springframework.boot.test.mock.mockito.MockitoContextCustomizer@0, org.springframework.boot.test.web.client.TestRestTemplateContextCustomizer@784c3487, org.springframework.boot.test.web.reactor.netty.DisableReactorResourceFactoryGlobalResourcesContextCustomizerFactory$DisableReactorResourceFactoryGlobalResourcesContextCustomizerCustomizer@5829e4f4, org.springframework.boot.test.autoconfigure.actuate.observability.ObservabilityContextCustomizerFactory$DisableObservabilityContextCustomizer@1f, org.springframework.boot.test.autoconfigure.properties.PropertyMappingContextCustomizer@0, org.springframework.boot.test.autoconfigure.web.servlet.WebDriverContextCustomizer@2f4205be, org.springframework.test.context.support.DynamicPropertiesContextCustomizer@fb328fda, org.springframework.boot.test.context.SpringBootTestAnnotation@3048d943], resourceBasePath = "src/main/webapp", contextLoader = org.springframework.boot.test.context.SpringBootContextLoader, parent = null]
	at org.springframework.test.context.cache.DefaultCacheAwareContextLoaderDelegate.loadContext(DefaultCacheAwareContextLoaderDelegate.java:145)
	at org.springframework.test.context.support.DefaultTestContext.getApplicationContext(DefaultTestContext.java:130)
	at io.cucumber.spring.TestContextAdaptor.create(TestContextAdaptor.java:42)
	at io.cucumber.spring.SpringFactory.start(SpringFactory.java:121)
	at io.cucumber.core.runner.Runner.buildBackendWorlds(Runner.java:134)
	at io.cucumber.core.runner.Runner.runPickle(Runner.java:70)
	at io.cucumber.junit.platform.engine.CucumberEngineExecutionContext.lambda$runTestCase$4(CucumberEngineExecutionContext.java:112)
	at io.cucumber.core.runtime.CucumberExecutionContext.lambda$runTestCase$5(CucumberExecutionContext.java:136)
	at io.cucumber.core.runtime.RethrowingThrowableCollector.executeAndThrow(RethrowingThrowableCollector.java:23)
	at io.cucumber.core.runtime.CucumberExecutionContext.runTestCase(CucumberExecutionContext.java:136)
	at io.cucumber.junit.platform.engine.CucumberEngineExecutionContext.runTestCase(CucumberEngineExecutionContext.java:109)
	at io.cucumber.junit.platform.engine.NodeDescriptor$PickleDescriptor.execute(NodeDescriptor.java:168)
	at io.cucumber.junit.platform.engine.NodeDescriptor$PickleDescriptor.execute(NodeDescriptor.java:90)
	at java.base/java.util.ArrayList.forEach(ArrayList.java:1511)
	at java.base/java.util.ArrayList.forEach(ArrayList.java:1511)

[ERROR] 티켓 예매 (인수테스트 안전망).유효한 회원이 미예약 티켓을 예매하면 예약이 확정되고 결제가 청구된다 -- Time elapsed: 0.035 s <<< ERROR!
java.lang.IllegalStateException: ApplicationContext failure threshold (1) exceeded: skipping repeated attempt to load context for [WebMergedContextConfiguration@6f8aba08 testClass = com.thinking.ticket.jpa.CucumberSpringConfiguration, locations = [], classes = [com.thinking.ticket.TicketReservationApplication], contextInitializerClasses = [], activeProfiles = ["test"], propertySourceDescriptors = [], propertySourceProperties = ["org.springframework.boot.test.context.SpringBootTestContextBootstrapper=true"], contextCustomizers = [[ImportsContextCustomizer@7ff19c33 key = [com.thinking.ticket.jpa.TestPaymentConfig]], org.springframework.boot.test.context.filter.ExcludeFilterContextCustomizer@3e821657, org.springframework.boot.test.json.DuplicateJsonObjectContextCustomizerFactory$DuplicateJsonObjectContextCustomizer@4aa83f4f, org.springframework.boot.test.mock.mockito.MockitoContextCustomizer@0, org.springframework.boot.test.web.client.TestRestTemplateContextCustomizer@784c3487, org.springframework.boot.test.web.reactor.netty.DisableReactorResourceFactoryGlobalResourcesContextCustomizerFactory$DisableReactorResourceFactoryGlobalResourcesContextCustomizerCustomizer@5829e4f4, org.springframework.boot.test.autoconfigure.actuate.observability.ObservabilityContextCustomizerFactory$DisableObservabilityContextCustomizer@1f, org.springframework.boot.test.autoconfigure.properties.PropertyMappingContextCustomizer@0, org.springframework.boot.test.autoconfigure.web.servlet.WebDriverContextCustomizer@2f4205be, org.springframework.test.context.support.DynamicPropertiesContextCustomizer@fb328fda, org.springframework.boot.test.context.SpringBootTestAnnotation@3048d943], resourceBasePath = "src/main/webapp", contextLoader = org.springframework.boot.test.context.SpringBootContextLoader, parent = null]
	at org.springframework.test.context.cache.DefaultCacheAwareContextLoaderDelegate.loadContext(DefaultCacheAwareContextLoaderDelegate.java:145)
	at org.springframework.test.context.support.DefaultTestContext.getApplicationContext(DefaultTestContext.java:130)
	at io.cucumber.spring.TestContextAdaptor.create(TestContextAdaptor.java:42)
	at io.cucumber.spring.SpringFactory.start(SpringFactory.java:121)
	at io.cucumber.core.runner.Runner.buildBackendWorlds(Runner.java:134)
	at io.cucumber.core.runner.Runner.runPickle(Runner.java:70)
	at io.cucumber.junit.platform.engine.CucumberEngineExecutionContext.lambda$runTestCase$4(CucumberEngineExecutionContext.java:112)
	at io.cucumber.core.runtime.CucumberExecutionContext.lambda$runTestCase$5(CucumberExecutionContext.java:136)
	at io.cucumber.core.runtime.RethrowingThrowableCollector.executeAndThrow(RethrowingThrowableCollector.java:23)
	at io.cucumber.core.runtime.CucumberExecutionContext.runTestCase(CucumberExecutionContext.java:136)
	at io.cucumber.junit.platform.engine.CucumberEngineExecutionContext.runTestCase(CucumberEngineExecutionContext.java:109)
	at io.cucumber.junit.platform.engine.NodeDescriptor$PickleDescriptor.execute(NodeDescriptor.java:168)
	at io.cucumber.junit.platform.engine.NodeDescriptor$PickleDescriptor.execute(NodeDescriptor.java:90)
	at java.base/java.util.ArrayList.forEach(ArrayList.java:1511)
	at java.base/java.util.ArrayList.forEach(ArrayList.java:1511)

[ERROR] 티켓 예매 (인수테스트 안전망).등록되지 않은 회원은 예매할 수 없고 결제도 일어나지 않는다 -- Time elapsed: 0.033 s <<< ERROR!
java.lang.IllegalStateException: ApplicationContext failure threshold (1) exceeded: skipping repeated attempt to load context for [WebMergedContextConfiguration@7cca01a8 testClass = com.thinking.ticket.jpa.CucumberSpringConfiguration, locations = [], classes = [com.thinking.ticket.TicketReservationApplication], contextInitializerClasses = [], activeProfiles = ["test"], propertySourceDescriptors = [], propertySourceProperties = ["org.springframework.boot.test.context.SpringBootTestContextBootstrapper=true"], contextCustomizers = [[ImportsContextCustomizer@462abec3 key = [com.thinking.ticket.jpa.TestPaymentConfig]], org.springframework.boot.test.context.filter.ExcludeFilterContextCustomizer@3e821657, org.springframework.boot.test.json.DuplicateJsonObjectContextCustomizerFactory$DuplicateJsonObjectContextCustomizer@4aa83f4f, org.springframework.boot.test.mock.mockito.MockitoContextCustomizer@0, org.springframework.boot.test.web.client.TestRestTemplateContextCustomizer@784c3487, org.springframework.boot.test.web.reactor.netty.DisableReactorResourceFactoryGlobalResourcesContextCustomizerFactory$DisableReactorResourceFactoryGlobalResourcesContextCustomizerCustomizer@5829e4f4, org.springframework.boot.test.autoconfigure.actuate.observability.ObservabilityContextCustomizerFactory$DisableObservabilityContextCustomizer@1f, org.springframework.boot.test.autoconfigure.properties.PropertyMappingContextCustomizer@0, org.springframework.boot.test.autoconfigure.web.servlet.WebDriverContextCustomizer@2f4205be, org.springframework.test.context.support.DynamicPropertiesContextCustomizer@fb328fda, org.springframework.boot.test.context.SpringBootTestAnnotation@3048d943], resourceBasePath = "src/main/webapp", contextLoader = org.springframework.boot.test.context.SpringBootContextLoader, parent = null]
	at org.springframework.test.context.cache.DefaultCacheAwareContextLoaderDelegate.loadContext(DefaultCacheAwareContextLoaderDelegate.java:145)
	at org.springframework.test.context.support.DefaultTestContext.getApplicationContext(DefaultTestContext.java:130)
	at io.cucumber.spring.TestContextAdaptor.create(TestContextAdaptor.java:42)
	at io.cucumber.spring.SpringFactory.start(SpringFactory.java:121)
	at io.cucumber.core.runner.Runner.buildBackendWorlds(Runner.java:134)
	at io.cucumber.core.runner.Runner.runPickle(Runner.java:70)
	at io.cucumber.junit.platform.engine.CucumberEngineExecutionContext.lambda$runTestCase$4(CucumberEngineExecutionContext.java:112)
	at io.cucumber.core.runtime.CucumberExecutionContext.lambda$runTestCase$5(CucumberExecutionContext.java:136)
	at io.cucumber.core.runtime.RethrowingThrowableCollector.executeAndThrow(RethrowingThrowableCollector.java:23)
	at io.cucumber.core.runtime.CucumberExecutionContext.runTestCase(CucumberExecutionContext.java:136)
	at io.cucumber.junit.platform.engine.CucumberEngineExecutionContext.runTestCase(CucumberEngineExecutionContext.java:109)
	at io.cucumber.junit.platform.engine.NodeDescriptor$PickleDescriptor.execute(NodeDescriptor.java:168)
	at io.cucumber.junit.platform.engine.NodeDescriptor$PickleDescriptor.execute(NodeDescriptor.java:90)
	at java.base/java.util.ArrayList.forEach(ArrayList.java:1511)
	at java.base/java.util.ArrayList.forEach(ArrayList.java:1511)

[ERROR] 티켓 예매 (인수테스트 안전망).이미 예약된 티켓은 예매할 수 없고 결제도 일어나지 않는다 -- Time elapsed: 0.030 s <<< ERROR!
java.lang.IllegalStateException: ApplicationContext failure threshold (1) exceeded: skipping repeated attempt to load context for [WebMergedContextConfiguration@7a4d582c testClass = com.thinking.ticket.jpa.CucumberSpringConfiguration, locations = [], classes = [com.thinking.ticket.TicketReservationApplication], contextInitializerClasses = [], activeProfiles = ["test"], propertySourceDescriptors = [], propertySourceProperties = ["org.springframework.boot.test.context.SpringBootTestContextBootstrapper=true"], contextCustomizers = [[ImportsContextCustomizer@5626d18c key = [com.thinking.ticket.jpa.TestPaymentConfig]], org.springframework.boot.test.context.filter.ExcludeFilterContextCustomizer@3e821657, org.springframework.boot.test.json.DuplicateJsonObjectContextCustomizerFactory$DuplicateJsonObjectContextCustomizer@4aa83f4f, org.springframework.boot.test.mock.mockito.MockitoContextCustomizer@0, org.springframework.boot.test.web.client.TestRestTemplateContextCustomizer@784c3487, org.springframework.boot.test.web.reactor.netty.DisableReactorResourceFactoryGlobalResourcesContextCustomizerFactory$DisableReactorResourceFactoryGlobalResourcesContextCustomizerCustomizer@5829e4f4, org.springframework.boot.test.autoconfigure.actuate.observability.ObservabilityContextCustomizerFactory$DisableObservabilityContextCustomizer@1f, org.springframework.boot.test.autoconfigure.properties.PropertyMappingContextCustomizer@0, org.springframework.boot.test.autoconfigure.web.servlet.WebDriverContextCustomizer@2f4205be, org.springframework.test.context.support.DynamicPropertiesContextCustomizer@fb328fda, org.springframework.boot.test.context.SpringBootTestAnnotation@3048d943], resourceBasePath = "src/main/webapp", contextLoader = org.springframework.boot.test.context.SpringBootContextLoader, parent = null]
	at org.springframework.test.context.cache.DefaultCacheAwareContextLoaderDelegate.loadContext(DefaultCacheAwareContextLoaderDelegate.java:145)
	at org.springframework.test.context.support.DefaultTestContext.getApplicationContext(DefaultTestContext.java:130)
	at io.cucumber.spring.TestContextAdaptor.create(TestContextAdaptor.java:42)
	at io.cucumber.spring.SpringFactory.start(SpringFactory.java:121)
	at io.cucumber.core.runner.Runner.buildBackendWorlds(Runner.java:134)
	at io.cucumber.core.runner.Runner.runPickle(Runner.java:70)
	at io.cucumber.junit.platform.engine.CucumberEngineExecutionContext.lambda$runTestCase$4(CucumberEngineExecutionContext.java:112)
	at io.cucumber.core.runtime.CucumberExecutionContext.lambda$runTestCase$5(CucumberExecutionContext.java:136)
	at io.cucumber.core.runtime.RethrowingThrowableCollector.executeAndThrow(RethrowingThrowableCollector.java:23)
	at io.cucumber.core.runtime.CucumberExecutionContext.runTestCase(CucumberExecutionContext.java:136)
	at io.cucumber.junit.platform.engine.CucumberEngineExecutionContext.runTestCase(CucumberEngineExecutionContext.java:109)
	at io.cucumber.junit.platform.engine.NodeDescriptor$PickleDescriptor.execute(NodeDescriptor.java:168)
	at io.cucumber.junit.platform.engine.NodeDescriptor$PickleDescriptor.execute(NodeDescriptor.java:90)
	at java.base/java.util.ArrayList.forEach(ArrayList.java:1511)
	at java.base/java.util.ArrayList.forEach(ArrayList.java:1511)

[ERROR] 티켓 예매 (인수테스트 안전망).결제가 거절되면 예매는 실패하고 티켓은 예약되지 않는다 -- Time elapsed: 0.028 s <<< ERROR!
java.lang.IllegalStateException: ApplicationContext failure threshold (1) exceeded: skipping repeated attempt to load context for [WebMergedContextConfiguration@3dc95b8b testClass = com.thinking.ticket.jpa.CucumberSpringConfiguration, locations = [], classes = [com.thinking.ticket.TicketReservationApplication], contextInitializerClasses = [], activeProfiles = ["test"], propertySourceDescriptors = [], propertySourceProperties = ["org.springframework.boot.test.context.SpringBootTestContextBootstrapper=true"], contextCustomizers = [[ImportsContextCustomizer@2d55e826 key = [com.thinking.ticket.jpa.TestPaymentConfig]], org.springframework.boot.test.context.filter.ExcludeFilterContextCustomizer@3e821657, org.springframework.boot.test.json.DuplicateJsonObjectContextCustomizerFactory$DuplicateJsonObjectContextCustomizer@4aa83f4f, org.springframework.boot.test.mock.mockito.MockitoContextCustomizer@0, org.springframework.boot.test.web.client.TestRestTemplateContextCustomizer@784c3487, org.springframework.boot.test.web.reactor.netty.DisableReactorResourceFactoryGlobalResourcesContextCustomizerFactory$DisableReactorResourceFactoryGlobalResourcesContextCustomizerCustomizer@5829e4f4, org.springframework.boot.test.autoconfigure.actuate.observability.ObservabilityContextCustomizerFactory$DisableObservabilityContextCustomizer@1f, org.springframework.boot.test.autoconfigure.properties.PropertyMappingContextCustomizer@0, org.springframework.boot.test.autoconfigure.web.servlet.WebDriverContextCustomizer@2f4205be, org.springframework.test.context.support.DynamicPropertiesContextCustomizer@fb328fda, org.springframework.boot.test.context.SpringBootTestAnnotation@3048d943], resourceBasePath = "src/main/webapp", contextLoader = org.springframework.boot.test.context.SpringBootContextLoader, parent = null]
	at org.springframework.test.context.cache.DefaultCacheAwareContextLoaderDelegate.loadContext(DefaultCacheAwareContextLoaderDelegate.java:145)
	at org.springframework.test.context.support.DefaultTestContext.getApplicationContext(DefaultTestContext.java:130)
	at io.cucumber.spring.TestContextAdaptor.create(TestContextAdaptor.java:42)
	at io.cucumber.spring.SpringFactory.start(SpringFactory.java:121)
	at io.cucumber.core.runner.Runner.buildBackendWorlds(Runner.java:134)
	at io.cucumber.core.runner.Runner.runPickle(Runner.java:70)
	at io.cucumber.junit.platform.engine.CucumberEngineExecutionContext.lambda$runTestCase$4(CucumberEngineExecutionContext.java:112)
	at io.cucumber.core.runtime.CucumberExecutionContext.lambda$runTestCase$5(CucumberExecutionContext.java:136)
	at io.cucumber.core.runtime.RethrowingThrowableCollector.executeAndThrow(RethrowingThrowableCollector.java:23)
	at io.cucumber.core.runtime.CucumberExecutionContext.runTestCase(CucumberExecutionContext.java:136)
	at io.cucumber.junit.platform.engine.CucumberEngineExecutionContext.runTestCase(CucumberEngineExecutionContext.java:109)
	at io.cucumber.junit.platform.engine.NodeDescriptor$PickleDescriptor.execute(NodeDescriptor.java:168)
	at io.cucumber.junit.platform.engine.NodeDescriptor$PickleDescriptor.execute(NodeDescriptor.java:90)
	at java.base/java.util.ArrayList.forEach(ArrayList.java:1511)
	at java.base/java.util.ArrayList.forEach(ArrayList.java:1511)

[ERROR] 티켓 예매 (인수테스트 안전망).존재하지 않는 티켓은 예매할 수 없고 결제도 일어나지 않는다 -- Time elapsed: 0.027 s <<< ERROR!
java.lang.IllegalStateException: ApplicationContext failure threshold (1) exceeded: skipping repeated attempt to load context for [WebMergedContextConfiguration@45f756e6 testClass = com.thinking.ticket.jpa.CucumberSpringConfiguration, locations = [], classes = [com.thinking.ticket.TicketReservationApplication], contextInitializerClasses = [], activeProfiles = ["test"], propertySourceDescriptors = [], propertySourceProperties = ["org.springframework.boot.test.context.SpringBootTestContextBootstrapper=true"], contextCustomizers = [[ImportsContextCustomizer@329548d0 key = [com.thinking.ticket.jpa.TestPaymentConfig]], org.springframework.boot.test.context.filter.ExcludeFilterContextCustomizer@3e821657, org.springframework.boot.test.json.DuplicateJsonObjectContextCustomizerFactory$DuplicateJsonObjectContextCustomizer@4aa83f4f, org.springframework.boot.test.mock.mockito.MockitoContextCustomizer@0, org.springframework.boot.test.web.client.TestRestTemplateContextCustomizer@784c3487, org.springframework.boot.test.web.reactor.netty.DisableReactorResourceFactoryGlobalResourcesContextCustomizerFactory$DisableReactorResourceFactoryGlobalResourcesContextCustomizerCustomizer@5829e4f4, org.springframework.boot.test.autoconfigure.actuate.observability.ObservabilityContextCustomizerFactory$DisableObservabilityContextCustomizer@1f, org.springframework.boot.test.autoconfigure.properties.PropertyMappingContextCustomizer@0, org.springframework.boot.test.autoconfigure.web.servlet.WebDriverContextCustomizer@2f4205be, org.springframework.test.context.support.DynamicPropertiesContextCustomizer@fb328fda, org.springframework.boot.test.context.SpringBootTestAnnotation@3048d943], resourceBasePath = "src/main/webapp", contextLoader = org.springframework.boot.test.context.SpringBootContextLoader, parent = null]
	at org.springframework.test.context.cache.DefaultCacheAwareContextLoaderDelegate.loadContext(DefaultCacheAwareContextLoaderDelegate.java:145)
	at org.springframework.test.context.support.DefaultTestContext.getApplicationContext(DefaultTestContext.java:130)
	at io.cucumber.spring.TestContextAdaptor.create(TestContextAdaptor.java:42)
	at io.cucumber.spring.SpringFactory.start(SpringFactory.java:121)
	at io.cucumber.core.runner.Runner.buildBackendWorlds(Runner.java:134)
	at io.cucumber.core.runner.Runner.runPickle(Runner.java:70)
	at io.cucumber.junit.platform.engine.CucumberEngineExecutionContext.lambda$runTestCase$4(CucumberEngineExecutionContext.java:112)
	at io.cucumber.core.runtime.CucumberExecutionContext.lambda$runTestCase$5(CucumberExecutionContext.java:136)
	at io.cucumber.core.runtime.RethrowingThrowableCollector.executeAndThrow(RethrowingThrowableCollector.java:23)
	at io.cucumber.core.runtime.CucumberExecutionContext.runTestCase(CucumberExecutionContext.java:136)
	at io.cucumber.junit.platform.engine.CucumberEngineExecutionContext.runTestCase(CucumberEngineExecutionContext.java:109)
	at io.cucumber.junit.platform.engine.NodeDescriptor$PickleDescriptor.execute(NodeDescriptor.java:168)
	at io.cucumber.junit.platform.engine.NodeDescriptor$PickleDescriptor.execute(NodeDescriptor.java:90)
	at java.base/java.util.ArrayList.forEach(ArrayList.java:1511)
	at java.base/java.util.ArrayList.forEach(ArrayList.java:1511)

[INFO] 
[INFO] Results:
[INFO] 
[ERROR] Errors: 
[ERROR]   Failed to load ApplicationContext for [WebMergedContextConfiguration@177c41d7 testClass = com.thinking.ticket.jpa.CucumberSpringConfiguration, locations = [], classes = [com.thinking.ticket.TicketReservationApplication], contextInitializerClasses = [], activeProfiles = ["test"], propertySourceDescriptors = [], propertySourceProperties = ["org.springframework.boot.test.context.SpringBootTestContextBootstrapper=true"], contextCustomizers = [[ImportsContextCustomizer@4f327096 key = [com.thinking.ticket.jpa.TestPaymentConfig]], org.springframework.boot.test.context.filter.ExcludeFilterContextCustomizer@3e821657, org.springframework.boot.test.json.DuplicateJsonObjectContextCustomizerFactory$DuplicateJsonObjectContextCustomizer@4aa83f4f, org.springframework.boot.test.mock.mockito.MockitoContextCustomizer@0, org.springframework.boot.test.web.client.TestRestTemplateContextCustomizer@784c3487, org.springframework.boot.test.web.reactor.netty.DisableReactorResourceFactoryGlobalResourcesContextCustomizerFactory$DisableReactorResourceFactoryGlobalResourcesContextCustomizerCustomizer@5829e4f4, org.springframework.boot.test.autoconfigure.actuate.observability.ObservabilityContextCustomizerFactory$DisableObservabilityContextCustomizer@1f, org.springframework.boot.test.autoconfigure.properties.PropertyMappingContextCustomizer@0, org.springframework.boot.test.autoconfigure.web.servlet.WebDriverContextCustomizer@2f4205be, org.springframework.test.context.support.DynamicPropertiesContextCustomizer@fb328fda, org.springframework.boot.test.context.SpringBootTestAnnotation@3048d943], resourceBasePath = "src/main/webapp", contextLoader = org.springframework.boot.test.context.SpringBootContextLoader, parent = null]
[ERROR]   ApplicationContext failure threshold (1) exceeded: skipping repeated attempt to load context for [WebMergedContextConfiguration@48eb001a testClass = com.thinking.ticket.jpa.CucumberSpringConfiguration, locations = [], classes = [com.thinking.ticket.TicketReservationApplication], contextInitializerClasses = [], activeProfiles = ["test"], propertySourceDescriptors = [], propertySourceProperties = ["org.springframework.boot.test.context.SpringBootTestContextBootstrapper=true"], contextCustomizers = [[ImportsContextCustomizer@34332b8d key = [com.thinking.ticket.jpa.TestPaymentConfig]], org.springframework.boot.test.context.filter.ExcludeFilterContextCustomizer@3e821657, org.springframework.boot.test.json.DuplicateJsonObjectContextCustomizerFactory$DuplicateJsonObjectContextCustomizer@4aa83f4f, org.springframework.boot.test.mock.mockito.MockitoContextCustomizer@0, org.springframework.boot.test.web.client.TestRestTemplateContextCustomizer@784c3487, org.springframework.boot.test.web.reactor.netty.DisableReactorResourceFactoryGlobalResourcesContextCustomizerFactory$DisableReactorResourceFactoryGlobalResourcesContextCustomizerCustomizer@5829e4f4, org.springframework.boot.test.autoconfigure.actuate.observability.ObservabilityContextCustomizerFactory$DisableObservabilityContextCustomizer@1f, org.springframework.boot.test.autoconfigure.properties.PropertyMappingContextCustomizer@0, org.springframework.boot.test.autoconfigure.web.servlet.WebDriverContextCustomizer@2f4205be, org.springframework.test.context.support.DynamicPropertiesContextCustomizer@fb328fda, org.springframework.boot.test.context.SpringBootTestAnnotation@3048d943], resourceBasePath = "src/main/webapp", contextLoader = org.springframework.boot.test.context.SpringBootContextLoader, parent = null]
[ERROR]   ApplicationContext failure threshold (1) exceeded: skipping repeated attempt to load context for [WebMergedContextConfiguration@3dc95b8b testClass = com.thinking.ticket.jpa.CucumberSpringConfiguration, locations = [], classes = [com.thinking.ticket.TicketReservationApplication], contextInitializerClasses = [], activeProfiles = ["test"], propertySourceDescriptors = [], propertySourceProperties = ["org.springframework.boot.test.context.SpringBootTestContextBootstrapper=true"], contextCustomizers = [[ImportsContextCustomizer@2d55e826 key = [com.thinking.ticket.jpa.TestPaymentConfig]], org.springframework.boot.test.context.filter.ExcludeFilterContextCustomizer@3e821657, org.springframework.boot.test.json.DuplicateJsonObjectContextCustomizerFactory$DuplicateJsonObjectContextCustomizer@4aa83f4f, org.springframework.boot.test.mock.mockito.MockitoContextCustomizer@0, org.springframework.boot.test.web.client.TestRestTemplateContextCustomizer@784c3487, org.springframework.boot.test.web.reactor.netty.DisableReactorResourceFactoryGlobalResourcesContextCustomizerFactory$DisableReactorResourceFactoryGlobalResourcesContextCustomizerCustomizer@5829e4f4, org.springframework.boot.test.autoconfigure.actuate.observability.ObservabilityContextCustomizerFactory$DisableObservabilityContextCustomizer@1f, org.springframework.boot.test.autoconfigure.properties.PropertyMappingContextCustomizer@0, org.springframework.boot.test.autoconfigure.web.servlet.WebDriverContextCustomizer@2f4205be, org.springframework.test.context.support.DynamicPropertiesContextCustomizer@fb328fda, org.springframework.boot.test.context.SpringBootTestAnnotation@3048d943], resourceBasePath = "src/main/webapp", contextLoader = org.springframework.boot.test.context.SpringBootContextLoader, parent = null]
[ERROR]   ApplicationContext failure threshold (1) exceeded: skipping repeated attempt to load context for [WebMergedContextConfiguration@7cca01a8 testClass = com.thinking.ticket.jpa.CucumberSpringConfiguration, locations = [], classes = [com.thinking.ticket.TicketReservationApplication], contextInitializerClasses = [], activeProfiles = ["test"], propertySourceDescriptors = [], propertySourceProperties = ["org.springframework.boot.test.context.SpringBootTestContextBootstrapper=true"], contextCustomizers = [[ImportsContextCustomizer@462abec3 key = [com.thinking.ticket.jpa.TestPaymentConfig]], org.springframework.boot.test.context.filter.ExcludeFilterContextCustomizer@3e821657, org.springframework.boot.test.json.DuplicateJsonObjectContextCustomizerFactory$DuplicateJsonObjectContextCustomizer@4aa83f4f, org.springframework.boot.test.mock.mockito.MockitoContextCustomizer@0, org.springframework.boot.test.web.client.TestRestTemplateContextCustomizer@784c3487, org.springframework.boot.test.web.reactor.netty.DisableReactorResourceFactoryGlobalResourcesContextCustomizerFactory$DisableReactorResourceFactoryGlobalResourcesContextCustomizerCustomizer@5829e4f4, org.springframework.boot.test.autoconfigure.actuate.observability.ObservabilityContextCustomizerFactory$DisableObservabilityContextCustomizer@1f, org.springframework.boot.test.autoconfigure.properties.PropertyMappingContextCustomizer@0, org.springframework.boot.test.autoconfigure.web.servlet.WebDriverContextCustomizer@2f4205be, org.springframework.test.context.support.DynamicPropertiesContextCustomizer@fb328fda, org.springframework.boot.test.context.SpringBootTestAnnotation@3048d943], resourceBasePath = "src/main/webapp", contextLoader = org.springframework.boot.test.context.SpringBootContextLoader, parent = null]
[ERROR]   ApplicationContext failure threshold (1) exceeded: skipping repeated attempt to load context for [WebMergedContextConfiguration@6f8aba08 testClass = com.thinking.ticket.jpa.CucumberSpringConfiguration, locations = [], classes = [com.thinking.ticket.TicketReservationApplication], contextInitializerClasses = [], activeProfiles = ["test"], propertySourceDescriptors = [], propertySourceProperties = ["org.springframework.boot.test.context.SpringBootTestContextBootstrapper=true"], contextCustomizers = [[ImportsContextCustomizer@7ff19c33 key = [com.thinking.ticket.jpa.TestPaymentConfig]], org.springframework.boot.test.context.filter.ExcludeFilterContextCustomizer@3e821657, org.springframework.boot.test.json.DuplicateJsonObjectContextCustomizerFactory$DuplicateJsonObjectContextCustomizer@4aa83f4f, org.springframework.boot.test.mock.mockito.MockitoContextCustomizer@0, org.springframework.boot.test.web.client.TestRestTemplateContextCustomizer@784c3487, org.springframework.boot.test.web.reactor.netty.DisableReactorResourceFactoryGlobalResourcesContextCustomizerFactory$DisableReactorResourceFactoryGlobalResourcesContextCustomizerCustomizer@5829e4f4, org.springframework.boot.test.autoconfigure.actuate.observability.ObservabilityContextCustomizerFactory$DisableObservabilityContextCustomizer@1f, org.springframework.boot.test.autoconfigure.properties.PropertyMappingContextCustomizer@0, org.springframework.boot.test.autoconfigure.web.servlet.WebDriverContextCustomizer@2f4205be, org.springframework.test.context.support.DynamicPropertiesContextCustomizer@fb328fda, org.springframework.boot.test.context.SpringBootTestAnnotation@3048d943], resourceBasePath = "src/main/webapp", contextLoader = org.springframework.boot.test.context.SpringBootContextLoader, parent = null]
[ERROR]   ApplicationContext failure threshold (1) exceeded: skipping repeated attempt to load context for [WebMergedContextConfiguration@7a4d582c testClass = com.thinking.ticket.jpa.CucumberSpringConfiguration, locations = [], classes = [com.thinking.ticket.TicketReservationApplication], contextInitializerClasses = [], activeProfiles = ["test"], propertySourceDescriptors = [], propertySourceProperties = ["org.springframework.boot.test.context.SpringBootTestContextBootstrapper=true"], contextCustomizers = [[ImportsContextCustomizer@5626d18c key = [com.thinking.ticket.jpa.TestPaymentConfig]], org.springframework.boot.test.context.filter.ExcludeFilterContextCustomizer@3e821657, org.springframework.boot.test.json.DuplicateJsonObjectContextCustomizerFactory$DuplicateJsonObjectContextCustomizer@4aa83f4f, org.springframework.boot.test.mock.mockito.MockitoContextCustomizer@0, org.springframework.boot.test.web.client.TestRestTemplateContextCustomizer@784c3487, org.springframework.boot.test.web.reactor.netty.DisableReactorResourceFactoryGlobalResourcesContextCustomizerFactory$DisableReactorResourceFactoryGlobalResourcesContextCustomizerCustomizer@5829e4f4, org.springframework.boot.test.autoconfigure.actuate.observability.ObservabilityContextCustomizerFactory$DisableObservabilityContextCustomizer@1f, org.springframework.boot.test.autoconfigure.properties.PropertyMappingContextCustomizer@0, org.springframework.boot.test.autoconfigure.web.servlet.WebDriverContextCustomizer@2f4205be, org.springframework.test.context.support.DynamicPropertiesContextCustomizer@fb328fda, org.springframework.boot.test.context.SpringBootTestAnnotation@3048d943], resourceBasePath = "src/main/webapp", contextLoader = org.springframework.boot.test.context.SpringBootContextLoader, parent = null]
[ERROR]   ApplicationContext failure threshold (1) exceeded: skipping repeated attempt to load context for [WebMergedContextConfiguration@45f756e6 testClass = com.thinking.ticket.jpa.CucumberSpringConfiguration, locations = [], classes = [com.thinking.ticket.TicketReservationApplication], contextInitializerClasses = [], activeProfiles = ["test"], propertySourceDescriptors = [], propertySourceProperties = ["org.springframework.boot.test.context.SpringBootTestContextBootstrapper=true"], contextCustomizers = [[ImportsContextCustomizer@329548d0 key = [com.thinking.ticket.jpa.TestPaymentConfig]], org.springframework.boot.test.context.filter.ExcludeFilterContextCustomizer@3e821657, org.springframework.boot.test.json.DuplicateJsonObjectContextCustomizerFactory$DuplicateJsonObjectContextCustomizer@4aa83f4f, org.springframework.boot.test.mock.mockito.MockitoContextCustomizer@0, org.springframework.boot.test.web.client.TestRestTemplateContextCustomizer@784c3487, org.springframework.boot.test.web.reactor.netty.DisableReactorResourceFactoryGlobalResourcesContextCustomizerFactory$DisableReactorResourceFactoryGlobalResourcesContextCustomizerCustomizer@5829e4f4, org.springframework.boot.test.autoconfigure.actuate.observability.ObservabilityContextCustomizerFactory$DisableObservabilityContextCustomizer@1f, org.springframework.boot.test.autoconfigure.properties.PropertyMappingContextCustomizer@0, org.springframework.boot.test.autoconfigure.web.servlet.WebDriverContextCustomizer@2f4205be, org.springframework.test.context.support.DynamicPropertiesContextCustomizer@fb328fda, org.springframework.boot.test.context.SpringBootTestAnnotation@3048d943], resourceBasePath = "src/main/webapp", contextLoader = org.springframework.boot.test.context.SpringBootContextLoader, parent = null]
[INFO] 
[ERROR] Tests run: 7, Failures: 0, Errors: 7, Skipped: 0
[INFO] 
[INFO] ------------------------------------------------------------------------
[INFO] BUILD FAILURE
[INFO] ------------------------------------------------------------------------
[INFO] Total time:  24.582 s
[INFO] Finished at: 2026-07-30T07:44:12Z
[INFO] ------------------------------------------------------------------------
[ERROR] Failed to execute goal org.apache.maven.plugins:maven-surefire-plugin:3.2.5:test (default-test) on project ticket-reservation: 
[ERROR] 
[ERROR] Please refer to /app/target/surefire-reports for the individual test results.
[ERROR] Please refer to dump files (if any exist) [date].dump, [date]-jvmRun[N].dump and [date].dumpstream.
[ERROR] -> [Help 1]
[ERROR] 
[ERROR] To see the full stack trace of the errors, re-run Maven with the -e switch.
[ERROR] Re-run Maven using the -X switch to enable full debug logging.
[ERROR] 
[ERROR] For more information about the errors and possible solutions, please read the following articles:
[ERROR] [Help 1] http://cwiki.apache.org/confluence/display/MAVEN/MojoFailureException
